"";"Estado";"emp";"seg";"dep";"PL";"lucros";"gov_ca";"gov_cf";"gov_aud";"maior_rem";"plr_rva";"qde_empregados";"desp_investimento";"desp_pessoal";"Dividendos";"Subvenção";"Reforço de Capital";"Resultado para o Estado Acionista";"setor";"Nome_estado";"REGIAO";"gov";"result_NA"
"1";"TO";"COMPANHIA IMOBILIÁRIA DO ESTADO DO TOCANTINS - TERRATINS";"SETOR IMOBILIÁRIO";"Não Dependente";52017534,87;8014173,8;"SIM";"SIM";"SIM";"0";"Não";66;NA;5415426,2;0;344570,09;0;-344570,09;"GESTÃO DE ATIVOS";"Tocantins";"Norte";TRUE;FALSE
"2";"TO";"AGÊNCIA DE FOMENTO DO ESTADO DO TOCANTINS S/A";"FINANCEIRO";"Não Dependente";15393630,53;-3286150,95;"SIM";"SIM";"SIM";"0";"Não";35;18000;2527737,96;0;0;1700000;-1700000;"FINANCEIRO";"Tocantins";"Norte";TRUE;FALSE
"3";"PI";"CMTP";"TRANSPORTES";"Dependente";20200000;236800;"SIM";"SIM";"NÃO";"9400";"Não";NA;1900000;3200000;0;4300000;0;-4300000;"TRANSPORTES";"Piauí";"Nordeste";FALSE;FALSE
"4";"PI";"COMPANHIA ADMINISTRADORA DA ZONA DE PROCESSAMENTO DE EXPORTACAO DE PARNAIBA-PI S/A";"DESENVOLVIMENTO";"Dependente";-881065,16;-3207392,21;"SIM";"SIM";"SIM";"9800";"Não";NA;0;3122178;0;0;3093241,11;-3093241,11;"DESENVOLVIMENTO";"Piauí";"Nordeste";TRUE;FALSE
"5";"PI";"COMPANHIA DE TERMINAIS ALFANDEGADOS DO ESTADO DO PIAUÍ";"OUTRO";"Dependente";249682,28;1146889,81;"SIM";"SIM";"SIM";"9500";"Não";10;0;688146,96;0;0;982100;-982100;"PORTOS E HIDROVIAS";"Piauí";"Nordeste";TRUE;FALSE
"6";"PI";"EMPRESA DE GESTÃO DE RECURSOS DO ESATDO DO PIAUÍ - EMGERPI";"SERVIÇOS PÚBLICOS";"Dependente";7065241,88;-18202278,64;"SIM";"SIM";"NÃO";"17985";"Não";653;NA;98754659,1;0;82604504;27450819;-110055323;"OUTROS";"Piauí";"Nordeste";FALSE;FALSE
"7";"PI";"Companhia de Gás do Piaui - GASPISA";"DISTRIBUIÇÃO DE GÁS";"Dependente";63007,07;-4187490,46;"SIM";"SIM";"NÃO";"6000";"Não";NA;5000;482909,07;0;0;191250;-191250;"DISTRIBUIÇÃO DE GÁS";"Piauí";"Nordeste";FALSE;FALSE
"8";"PI";"Agência de Fomento e Desenvolvimento do Estado do Piauí S.A - PIAUÍ FOMENTO";"FINANCEIRO";"Não Dependente";9262404,5;-1572033,96;"SIM";"SIM";"SIM";"12000";"Não";16;1559574,77;1659427,09;0;0;0;0;"FINANCEIRO";"Piauí";"Nordeste";TRUE;FALSE
"9";"PI";"ÁGUAS E ESGOTOS DO PIAUÍ S/A- AGESPISA";"SANEAMENTO";"Não Dependente";848595621,46;169203653,4;"SIM";"SIM";"SIM";"44670.68";"Não";1059;18679370,73;-219366869,37;0;-34408805,47;34408805,47;0;"SANEAMENTO";"Piauí";"Nordeste";TRUE;FALSE
"10";"MA";"GASMAR";NA;"Não Dependente";NA;13377000;NA;NA;NA;NA;NA;NA;NA;NA;4054000;0;0;4054000;"DISTRIBUIÇÃO DE GÁS";"Maranhão";"Nordeste";FALSE;FALSE
"11";"MA";"EMAP";NA;"Não Dependente";NA;56818336,17;NA;NA;NA;NA;NA;NA;NA;NA;0;0;0;NA;"PORTOS E HIDROVIAS";"Maranhão";"Nordeste";FALSE;TRUE
"12";"MA";"MAPA";NA;"Dependente";NA;-9117270,11;NA;NA;NA;NA;NA;NA;NA;NA;0;56706094,12;0;-56706094,12;"DESENVOLVIMENTO";"Maranhão";"Nordeste";FALSE;FALSE
"13";"MA";"CAEMA";NA;"Não Dependente";NA;-148048761,5;NA;NA;NA;NA;NA;NA;NA;NA;0;0;13293039,76;-13293039,76;"SANEAMENTO";"Maranhão";"Nordeste";FALSE;FALSE
"14";"RN";"AGÊNCIA DE FOMENTO DO RIO GRANDE DO NORTE S/A";"FINANCEIRO";"Não Dependente";44603407,14;1561324,34;"SIM";"SIM";"NÃO";"14080.09";"Não";NA;139480,58;6230492,31;0;0;0;NA;"FINANCEIRO";"Rio Grande do Norte";"Nordeste";FALSE;TRUE
"15";"RN";"CENTRAIS DE ABASTECIMENTO DO RIO GRANDE DO NORTE - S/A";"ABASTECIMENTO";"Dependente";586894,15;166315,55;"SIM";"SIM";"NÃO";NA;"Não";108;159322,35;7844731,22;0;8374826,55;0;-8374826,55;"ABASTECIMENTO";"Rio Grande do Norte";"Nordeste";FALSE;FALSE
"16";"RN";"CEHAB - COMPANHIA ESTADUAL DE HABITACAO E DESENVOLVIMENTO URBANO";"URBANIZAÇÃO";"Dependente";13845659;248334;"SIM";"SIM";"NÃO";"7626.13";"Não";NA;2591519,75;1395912,78;0;0;0;NA;"HABITAÇÃO E URBANIZAÇÃO";"Rio Grande do Norte";"Nordeste";FALSE;TRUE
"17";"RN";"EMPARN - EMPRESA DE PESQUISA AGROPECUÁRIA DO RIO GRANDE DO NORTE S/A";"PESQUISA";"Dependente";1693900;-1143136;"SIM";"SIM";"NÃO";"20512.09";"Não";128;0;11352573;0;14498476,34;0;-14498476,34;"PESQUISA E ASSISTÊNCIA TÉCNICA";"Rio Grande do Norte";"Nordeste";FALSE;FALSE
"18";"RN";"COMPANHIA POTIGUAR DE GÁS - POTIGÁS";"DISTRIBUIÇÃO DE GÁS";"Não Dependente";73251000;19358000;"SIM";"SIM";"SIM";"22059";"Sim";57;11119000;14215930;2458603;0;0;2458603;"DISTRIBUIÇÃO DE GÁS";"Rio Grande do Norte";"Nordeste";TRUE;FALSE
"19";"RN";"EMPRESA POTIGUAR DE PROMOÇÃO TURÍSTICA S/A - EMPROTUR";"OUTRO";"Dependente";1660726,62;-1075220,55;"SIM";"SIM";"SIM";"7862.5";"Não";NA;0;2185855,87;0;4693958,81;0;-4693958,81;"TURISMO";"Rio Grande do Norte";"Nordeste";TRUE;FALSE
"20";"RN";"COMPANHIA DE ÁGUAS E ESGOTOS DO RIO GRANDE DO NORTE - CAERN";"SANEAMENTO";"Não Dependente";2307683547,23;28810661,2999999;"SIM";"SIM";"SIM";"12025";"Sim";2230;143963328,39;226791321,87;0;0;542674809,46;-542674809,46;"SANEAMENTO";"Rio Grande do Norte";"Nordeste";TRUE;FALSE
"21";"RN";"EMPRESA GESTORA DE ATIVOS DO RIO GRANDE DO NORTE - EMGERN";"GESTÃO DE ATIVOS";"Não Dependente";79185,78;0;"SIM";"SIM";"NÃO";"13376.09";"Não";35;0;1923378,62;0;0;0;NA;"GESTÃO DE ATIVOS";"Rio Grande do Norte";"Nordeste";FALSE;TRUE
"22";"RN";"COMPANHIA DE PROCESSAMENTO DE DADOS DO RIO GRANDE DO NORTE - DATANORTE";"SERVIÇOS PÚBLICOS";"Dependente";-60426460;1045170;"SIM";"SIM";"NÃO";"13376.08";"Não";63;0;18842127;0;2820494;0;-2820494;"INFORMÁTICA";"Rio Grande do Norte";"Nordeste";FALSE;FALSE
"23";"AC";"Banco do Estado do Acre S/A - BANACRE - Em Liquidação Ordinária";"Financeiro";"Dependente";22460,21;-6773,8;NA;NA;NA;NA;"Não";NA;0;1343719,57;0;1440210,71;0;-1440210,71;"FINANCEIRO";"Acre";"Norte";FALSE;FALSE
"24";"AC";"Companhia de Armazéns e Entrepostos do Acre - CAGEACRE";"Serviços Públicos";"Dependente";-1759067,42;1139564,02;NA;NA;NA;NA;"Não";NA;0;6114060,09;0;7477793,74;0;-7477793,74;"ABASTECIMENTO";"Acre";"Norte";FALSE;FALSE
"25";"AC";"Companhia de Colonização do Acre - COLONACRE";"Abastecimento";"Dependente";36984,59;45152,41;NA;NA;NA;NA;"Não";NA;0;0;0;6899;0;-6899;"ABASTECIMENTO";"Acre";"Norte";FALSE;FALSE
"26";"AC";"Companhia de Desenvolvimento Industrial do Acre - CODISACRE";"Serviços Públicos";"Dependente";-3610523,11;646200,13;NA;NA;NA;NA;"Não";NA;0;2352200,26;0;3166108,09;0;-3166108,09;"DESENVOLVIMENTO";"Acre";"Norte";FALSE;FALSE
"27";"AC";"Companhia de Saneamento do Acre - SANACRE";"Saneamento";"Dependente";-12577216,81;2638119,57;NA;NA;NA;NA;"Não";NA;0;0;0;3195783,52;0;-3195783,52;"SANEAMENTO";"Acre";"Norte";FALSE;FALSE
"28";"AC";"Companhia Industrial de Laticínios do Acre - CILA";"Serviços Públicos";"Dependente";-841442,01;125563,78;NA;NA;NA;NA;"Não";NA;255;852411,05;0;1030473,72;0;-1030473,72;"OUTROS";"Acre";"Norte";FALSE;FALSE
"29";"AC";"Empresa de Processamento de Dados do Acre S/A - ACREDATA";"Informática";"Dependente";-7969368,2;1482620,85;NA;NA;NA;NA;"Não";NA;0;6090981,34;0;7872421,47;0;-7872421,47;"INFORMÁTICA";"Acre";"Norte";FALSE;FALSE
"30";"AL";"Agência de Fomento de Alagoas S/A - DESENVOLVE";"DESENVOLVIMENTO";"Dependente";35547000;-4633000;"SIM";"SIM";"SIM";NA;"Não";38;NA;NA;0;0;0;NA;"FINANCEIRO";"Alagoas";"Nordeste";TRUE;TRUE
"31";"AL";"ALAGOAS ATIVOS S.A";"GESTÃO DE ATIVOS";"Não Dependente";2040425,16;-7988433;"SIM";"SIM";"NÃO";"19950";"Não";10;8195,96;981818,26;0;0;0;NA;"GESTÃO DE ATIVOS";"Alagoas";"Nordeste";FALSE;TRUE
"32";"AL";"Banco do Estado de Alagoas - PRODUBAN";"FINANCEIRO";"Dependente";2297000;1669000;"NÃO";"NÃO";"NÃO";NA;"Não";0;NA;NA;0;0;0;NA;"FINANCEIRO";"Alagoas";"Nordeste";FALSE;TRUE
"33";"AL";"Companhia Alagoana de Recursos Humanos e Patrimoniais - CARHP";"SERVIÇOS PÚBLICOS";"Dependente";NA;NA;"SIM";"SIM";"NÃO";NA;"Não";0;NA;NA;0;0;0;NA;"OUTROS";"Alagoas";"Nordeste";FALSE;TRUE
"34";"AL";"COMPANHIA DE EDIÇÃO, IMPRESSÃO E PUBLICAÇÃO DE ALAGOAS - CEPAL";"OUTRO";"Não Dependente";9232293,54;NA;"SIM";"SIM";"NÃO";NA;"Não";87;1778268,38;4204006;0;0;0;NA;"COMUNICAÇÃO";"Alagoas";"Nordeste";FALSE;TRUE
"35";"AL";"COMPANHIA DE SANEAMENTO DE ALAGOAS - CASAL";"SANEAMENTO";"Não Dependente";NA;NA;"SIM";"SIM";"SIM";NA;NA;NA;NA;NA;0;0;0;NA;"SANEAMENTO";"Alagoas";"Nordeste";TRUE;TRUE
"36";"AL";"GAS DE ALAGOAS S/A - ALGAS";"DISTRIBUIÇÃO DE GÁS";"Não Dependente";84286000;NA;"SIM";"SIM";"SIM";NA;NA;NA;NA;NA;0;0;0;NA;"DISTRIBUIÇÃO DE GÁS";"Alagoas";"Nordeste";TRUE;TRUE
"37";"AL";"LABORATORIO INDUSTRIAL FARMACEUTICO DE ALAGOAS - LIFAL";"SAÚDE";"Dependente";28582517,06;NA;"NÃO";"SIM";"NÃO";NA;"Não";0;NA;NA;0;0;0;NA;"SAÚDE";"Alagoas";"Nordeste";FALSE;TRUE
"38";"AL";"Serviços de Engenharia do Estado de Alagoas - SERVEAL";"ASSISTENCIA TÉCNICA";"Dependente";NA;NA;"SIM";"SIM";"NÃO";NA;"Não";20;NA;NA;0;0;0;NA;"PESQUISA E ASSISTÊNCIA TÉCNICA";"Alagoas";"Nordeste";FALSE;TRUE
"39";"AM";"Agência de Desenvolvimento Sustentável do Amazonas - ADS";"Outro";"Dependente";-3383107,45;756219,26;"Sim";"Sim";"Não";"32400";"Não";58;5671711,5;4549073,1;0;88606777,81;0;-88606777,81;"DESENVOLVIMENTO";"Amazonas";"Norte";FALSE;FALSE
"40";"AM";"Agência de Fomento do Estado do Amazonas S.A. - AFEAM";"Outro";"Não Dependente";90524531,3;4924378,8;"Sim";"Sim";"Sim";"28671.89";"Não";131;0;34579394,41;0;0;0;0;"FINANCEIRO";"Amazonas";"Norte";TRUE;FALSE
"41";"AM";"Companhia de Desenvolvimento do Estado do Amazonas - CIAMA";"Desenvolvimento";"Não Dependente";49238864,54;-823380,03;"Sim";"Sim";"Não";"28060";"Não";129;0;13542927,68;0;0;2314326,62;-2314326,62;"DESENVOLVIMENTO";"Amazonas";"Norte";FALSE;FALSE
"42";"AM";"Companhia de Gás do Amazonas - CIGÁS";"Serviços Públicos";"Não Dependente";176770064,41;60140382;"Sim";"Sim";"Não";"28000";"Sim";131;18687885,89;22048544,89;50546914,49;0;0;50546914,49;"DISTRIBUIÇÃO DE GÁS";"Amazonas";"Norte";FALSE;FALSE
"43";"AM";"Companhia de Saneamento do Amazonas - COSAMA";"Saneamento";"Dependente";-1779107,39;-11977008,71;"Sim";"Sim";"Não";"24957.63";"Não";327;586035,63;24534963,93;0;23323521,74;2104242,86;-25427764,6;"SANEAMENTO";"Amazonas";"Norte";FALSE;FALSE
"44";"AM";"Empresa Estadual de Turismo do Amazonas - Amazonastur";"Outro";"Dependente";6057212,37;-411573,87;"Sim";"Sim";"Não";"25254";"Não";136;0;10752636,71;0;22852591,86;0;-22852591,86;"TURISMO";"Amazonas";"Norte";FALSE;FALSE
"45";"AM";"PR0DAM - Processamento de Dados Amazonas S/A";"Informática";"Não Dependente";41971469,99;-8717407,56;"Sim";"Sim";"Não";"39760.6";"Não";390;1996661,57;50188832,78;0;0;0;0;"INFORMÁTICA";"Amazonas";"Norte";FALSE;FALSE
"46";"BA";"Agência de Fomento do Estado da Bahia S.A. - DESENBAHIA";"FINANCEIRO";"Não Dependente";576700938,46;16002591,79;"SIM";"SIM";"SIM";"24947";"Sim";195;1726979,1;49213886,94;1761120,18;0;0;1761120,18;"FINANCEIRO";"Bahia";"Nordeste";TRUE;FALSE
"47";"BA";"BAHIA PESCA S/A";"SERVIÇOS PÚBLICOS";"Dependente";-6741153,74;-452749;"SIM";"SIM";"NÃO";"19829.71";"Não";110;7692470;11145717,76;0;18582325,68;0;-18582325,68;"OUTROS";"Bahia";"Nordeste";FALSE;FALSE
"48";"BA";"BAHIAINVESTE - Empresa Baiaina de Ativos S/A";"GESTÃO DE ATIVOS";"Não Dependente";-788000;2946000;"SIM";"SIM";"NÃO";"17423";"Não";11;0;2802000;0;0;0;0;"GESTÃO DE ATIVOS";"Bahia";"Nordeste";FALSE;FALSE
"49";"BA";"CIA DE ENGENHARIA HÍDRICA E DE SANEAMENTO DA BAHIA - CERB";"SANEAMENTO";"Dependente";6875526,26;1195348,76;"SIM";"SIM";NA;"17859.14";"Sim";405;82513807,33;35075174,36;0;102341820,87;0;-102341820,87;"SANEAMENTO";"Bahia";"Nordeste";FALSE;FALSE
"50";"BA";"COMPANHIA BAIANA DE PESQUISA MINERAL CBPM";"DESENVOLVIMENTO";"Dependente";123689785;-10085115,48;"SIM";"SIM";"NÃO";"20623.400000000001";"Não";179;71448,39;27505521,8;0;5037498,81;0;-5037498,81;"DESENVOLVIMENTO";"Bahia";"Nordeste";FALSE;FALSE
"51";"BA";"COMPANHIA DE DESENVOLVIMENTO E AÇÃO REGIONAL - CAR";"DESENVOLVIMENTO";"Dependente";-36269972;-5716105;"SIM";"SIM";"NÃO";"16455";"Não";279;NA;34853864;0;37997322;0;-37997322;"DESENVOLVIMENTO";"Bahia";"Nordeste";FALSE;FALSE
"52";"BA";"COMPANHIA DE DESENVOLVIMENTO URBANO DO ESTADO DA BAHIA - CONDER";"SERVIÇOS PÚBLICOS";"Dependente";-50191238,69;-9964261,48;"SIM";"SIM";"NÃO";"20151.96";"Não";176;393412342,84;32038928,3;0;144762028,12;0;-144762028,12;"HABITAÇÃO E URBANIZAÇÃO";"Bahia";"Nordeste";FALSE;FALSE
"53";"BA";"COMPANHIA DE GAS DA BAHIA BAHIAGÁS";"DISTRIBUIÇÃO DE GÁS";"Não Dependente";609121070,87;93941459,34;"SIM";"SIM";"NÃO";"18107.740000000002";"Sim";230;68087510,41;57899440,44;9298308,68;0;0;9298308,68;"DISTRIBUIÇÃO DE GÁS";"Bahia";"Nordeste";FALSE;FALSE
"54";"BA";"COMPANHIA DE PROCESSAMENTO DE DADOS DO ESTADO DA BAHIA";"INFORMÁTICA";"Não Dependente";31253189;3907211;"SIM";"SIM";"SIM";"11008";"Não";459;7440596;47149886;0;0;0;NA;"INFORMÁTICA";"Bahia";"Nordeste";TRUE;TRUE
"55";"BA";"COMPANHIA DE TRANSPORTE DO ESTADO DA BAHIA  - CTB";"TRANSPORTES";"Dependente";77477614,13;-5279954,68;"SIM";"SIM";"NÃO";"14406.58";"Não";90;6943574,72;15551859,48;0;37692636,6;0;-37692636,6;"TRANSPORTES";"Bahia";"Nordeste";FALSE;FALSE
"56";"BA";"EMPRESA BAIANA DE AGUAS E SANEAMENTO DA BAHIA - EMBASA";"ABASTECIMENTO";"Não Dependente";5928178,46;279898703,65;"SIM";"SIM";"SIM";"41377";"Sim";4884;460328074,29;744813853,36;16892049,92;62405637,28;3902684,48;-49416271,84;"SANEAMENTO";"Bahia";"Nordeste";TRUE;FALSE
"57";"BA";"EMPRESA GRÁFICA DA BAHIA - EGBA";"SERVIÇOS PÚBLICOS";"Não Dependente";62635221;1243036;"SIM";"SIM";"SIM";"17423.55";"Não";203;NA;10841460;0;0;0;NA;"COMUNICAÇÃO";"Bahia";"Nordeste";TRUE;TRUE
"58";"CE";"AGENCIA DE DESENVOLVIMENTO DO ESTADO DO CEARA S.A";"DESENVOLVIMENTO";"Não Dependente";108182108,8;5193378,05;"SIM";"SIM";"NÃO";"13068.35";"Não";0;1067448,61;8425684,39;0;0;50000;-50000;"DESENVOLVIMENTO";"Ceará";"Nordeste";FALSE;FALSE
"59";"CE";"CENTRAIS DE ABASTECIMENTO DO CEARÁ S/A - CEASA";"ABASTECIMENTO";"Não Dependente";4935247,9;618780,27;"SIM";"SIM";"NÃO";"15036.58";"Não";41;1384556,18;7235337;0;0;0;NA;"ABASTECIMENTO";"Ceará";"Nordeste";FALSE;TRUE
"60";"CE";"COMPAHIA DE HABITAÇÃO DO CEARA  - COHAB";"OUTRO";"Dependente";-275789812,73;-11120123,65;"NÃO";"SIM";"SIM";NA;"Não";45;NA;2144632,09;0;2975123,12;0;-2975123,12;"HABITAÇÃO E URBANIZAÇÃO";"Ceará";"Nordeste";FALSE;FALSE
"61";"CE";"COMPANHIA CEARENSE DE TRANSPORTES METROPOLITANOS METROFOR";"TRANSPORTES";"Não Dependente";1085575695,92;-187730058,34;"SIM";"SIM";"NÃO";"284959.71000000002";"Não";227;33701428,84;39309057,75;0;0;146647615,48;-146647615,48;"TRANSPORTES";"Ceará";"Nordeste";FALSE;FALSE
"62";"CE";"COMPANHIA DE ÁGUA E ESGOTO DO CEARÁ - CAGECE";"SANEAMENTO";"Não Dependente";2411905878,67;165736042,46;"SIM";"SIM";"SIM";"39718.9";"Sim";1302;228157223,31;283485307,15;59033253,42;0;0;59033253,42;"SANEAMENTO";"Ceará";"Nordeste";TRUE;FALSE
"63";"CE";"COMPANHIA DE DESENVOLVIMENTO DO CEARÁ - CODECE";"DESENVOLVIMENTO";"Dependente";15791472,44;-4219000,54;"SIM";"SIM";"NÃO";"179733.73";"Não";25;1369118,79;2224331,73;0;2224331,73;0;-2224331,73;"DESENVOLVIMENTO";"Ceará";"Nordeste";FALSE;FALSE
"64";"CE";"COMPANHIA DE DESENVOLVIMENTO DO COMPLEXO INDUSTRIAL E PORTUARIO DO PECEM - CIPP";"OUTRO";"Não Dependente";1116810809,18;41256391,64;"SIM";"SIM";"SIM";"14794.18";"Sim";95;17849082,82;26469547,43;1535604,64;0;0;1535604,64;"PORTOS E HIDROVIAS";"Ceará";"Nordeste";TRUE;FALSE
"65";"CE";"COMPANHIA DE GAS DO CEARA - CEGAS";"DISTRIBUIÇÃO DE GÁS";"Não Dependente";206581278,12;60852840,01;"SIM";"SIM";"SIM";"17607.61";"Sim";117;24044611,21;14107487,97;6169436,16;0;0;6169436,16;"DISTRIBUIÇÃO DE GÁS";"Ceará";"Nordeste";TRUE;FALSE
"66";"CE";"COMPANHIA DE GESTÃO DOS RECURSOS HÍDRICOS - COGERH";"ABASTECIMENTO";"Não Dependente";225956109;2978094;"SIM";"SIM";"SIM";"26868.54";"Sim";116;38709892;29396469;8512012,55;0;0;8512012,55;"SANEAMENTO";"Ceará";"Nordeste";TRUE;FALSE
"67";"CE";"EMPRESA DE ASSISTENCIA TECNICA E EXTENSAO RURAL -  EMATERCE";"ASSIS. TÉCNICA";"Dependente";-109438618,9;1252536,28;"SIM";"SIM";"NÃO";NA;"Não";554;22924161,84;84882066,52;0;0;0;NA;"PESQUISA E ASSISTÊNCIA TÉCNICA";"Ceará";"Nordeste";FALSE;TRUE
"68";"CE";"EMPRESA DE TECNOLOGIA DA INFORMAÇÃO DO CEARA - ETICE";"COMUNICAÇÕES";"Dependente";6727981,21;523421,4;"SIM";"SIM";"NÃO";NA;"Não";166;5255810,75;26407229,83;0;30587551,55;0;-30587551,55;"INFORMÁTICA";"Ceará";"Nordeste";FALSE;FALSE
"69";"DF";"BIOTIC S.A. (TERRACAP)";"OUTRO";"Não Dependente";8457175,87;0;"SIM";"SIM";"SIM";"54046.18";"Sim";18;0;7601678,6;0;0;4408219,53;-4408219,53;"OUTROS";"Distrito Federal";"Centro-oeste";TRUE;FALSE
"70";"DF";"BRB - BANCO DE BRASÍLIA S.A.";"FINANCEIRO";"Não Dependente";1737325;418836;"SIM";"SIM";"SIM";"49172.12";"Sim";2926;52162;914851;88617348,18;0;0;88617348,18;"FINANCEIRO";"Distrito Federal";"Centro-oeste";TRUE;FALSE
"71";"DF";"BRB - CRÉDITO FINANCIAMENTO E INVESTIMENTO S.A.";"FINANCEIRO";"Não Dependente";215550;69817;"SIM";"SIM";"SIM";"29333.56";"Sim";46;NA;1613;0;0;61705;-61705;"FINANCEIRO";"Distrito Federal";"Centro-oeste";TRUE;FALSE
"72";"DF";"BRB - DISTRIBUIDORA DE TÍTULOS E VALORES MOBILIÁRIOS S.A.";"FINANCEIRO";"Não Dependente";48426;2178;"SIM";"SIM";"SIM";"29333.56";"Sim";32;NA;1532;0;0;0;NA;"FINANCEIRO";"Distrito Federal";"Centro-oeste";TRUE;TRUE
"73";"DF";"BRB ADMINISTRADORA E CORRETORA DE SEGUROS S.A.";"FINANCEIRO";"Não Dependente";119388;70366;"SIM";"SIM";"SIM";"23600";"Sim";254;4719;31281;0;0;0;NA;"FINANCEIRO";"Distrito Federal";"Centro-oeste";TRUE;TRUE
"74";"DF";"BRB SERVIÇOS S.A.";"OUTRO";"Não Dependente";8214;4207;"SIM";"SIM";"SIM";"10757.65";"Sim";793;1708;21069;0;0;0;NA;"FINANCEIRO";"Distrito Federal";"Centro-oeste";TRUE;TRUE
"75";"DF";"CARTÃO BRB S.A.";"FINANCEIRO";"Não Dependente";535543;100377;"SIM";"SIM";"SIM";"24996.85";"Sim";180;NA;31512;0;0;0;NA;"FINANCEIRO";"Distrito Federal";"Centro-oeste";TRUE;TRUE
"76";"DF";"CENTRAIS DE ABASTECIMENTO DO DISTRITO FEDERAL S.A - CEASA";"ABASTECIMENTO";"Não Dependente";62275650,97;4049034,07;"SIM";"SIM";"NÃO";"15243.74";"Não";58;9025303,47;6778271,98;0;0;0;NA;"ABASTECIMENTO";"Distrito Federal";"Centro-oeste";FALSE;TRUE
"77";"DF";"COMPANHIA DE DESENVOLVIMENTO HABITACIONAL DO DISTRITO FEDERAL - CODHAB";"URBANIZAÇÃO";"Dependente";121015025,47;-11412901,35;"SIM";"SIM";"SIM";"18200";"Não";0;0;13758810,04;0;27991658,06;0;-27991658,06;"HABITAÇÃO E URBANIZAÇÃO";"Distrito Federal";"Centro-oeste";TRUE;FALSE
"78";"DF";"COMPANHIA DE PLANEJAMENTO DO DISTRITO FEDERAL - CODEPLAN";"PESQUISA";"Dependente";-24621642,11;6614448,21;"SIM";"SIM";"NÃO";"34114.629999999997";"Não";421;689583,2;10612069,89;0;119696984,17;0;-119696984,17;"PESQUISA E ASSISTÊNCIA TÉCNICA";"Distrito Federal";"Centro-oeste";FALSE;FALSE
"79";"DF";"COMPANHIA DE SANEAMENTO AMBIENTAL DO DISTRITO FEDERAL  - CAESB";"SANEAMENTO";"Não Dependente";1404805227,72;149002360,68;"SIM";"SIM";"SIM";"35462.22";"Não";2311;268925696,51;756794611,61;0;17688478,19;15673253,07;-33361731,26;"SANEAMENTO";"Distrito Federal";"Centro-oeste";TRUE;FALSE
"80";"DF";"COMPANHIA DO METROPOLITANO DO DISTRITO FEDERAL - METRÔ-DF";"TRANSPORTES";"Dependente";1951743230,69;-132263066,41;"SIM";"SIM";"SIM";"35462.22";"Não";1241;22097215,7;205294511,44;0;228936011,74;19595942,49;-248531954,23;"TRANSPORTES";"Distrito Federal";"Centro-oeste";TRUE;FALSE
"81";"DF";"COMPANHIA ENERGÉTICA DE BRASÍLIA - CEB (Holding)";"ENERGIA";"Não Dependente";783986000;119045000;"SIM";"SIM";"SIM";"35000";"Sim";60;75378000;224368000;0;0;0;NA;"ENERGIA";"Distrito Federal";"Centro-oeste";TRUE;TRUE
"82";"DF";"COMPANHIA IMOBILIÁRIA DE BRASÍLIA - TERRACAP";"OUTRO";"Não Dependente";2909676667;170701242;"SIM";"SIM";"SIM";"51740.21";"Sim";594;48507992;2364674,45;0;0;0;NA;"HABITAÇÃO E URBANIZAÇÃO";"Distrito Federal";"Centro-oeste";TRUE;TRUE
"83";"DF";"COMPANHIA URBANIZADORA DA NOVA CAPITAL DO BRASIL - NOVACAP";"URBANIZAÇÃO";"Dependente";630252419,23;-2372388,41;"SIM";"SIM";"NÃO";"50863.6";"Não";2152;8021010,2;380066688,37;0;786327378,67;802101,02;-787129479,69;"HABITAÇÃO E URBANIZAÇÃO";"Distrito Federal";"Centro-oeste";FALSE;FALSE
"84";"DF";"DF GESTÃO DE ATIVOS S.A.";"GESTÃO DE ATIVOS";"Não Dependente";816567;NA;"SIM";"SIM";"NÃO";"6000";"Não";0;NA;274457;0;0;1043800;-1043800;"GESTÃO DE ATIVOS";"Distrito Federal";"Centro-oeste";FALSE;FALSE
"85";"DF";"EMPRESA DE ASSISTENCIA TECNICA E EXTENSAO RURAL DO DF - EMATER";"ASSIS. TÉCNICA";"Dependente";-17887066,22;-8592891,51;"SIM";"SIM";"NÃO";"35462.22";"Não";280;NA;121440238,63;0;0;0;NA;"PESQUISA E ASSISTÊNCIA TÉCNICA";"Distrito Federal";"Centro-oeste";FALSE;TRUE
"86";"DF";"INSTITUTO BRB DE DESENVOLVIMENTO HUMANO E RESPONSABILIDADE SOCIAL";"OUTRO";"Dependente";9679;1247;"SIM";"SIM";"SIM";"51543.37";"Sim";11;NA;NA;0;0;0;NA;"OUTROS";"Distrito Federal";"Centro-oeste";TRUE;TRUE
"87";"DF";"PROFLORA S/A FLORESTAMENTO E REFLORESTAMENTO - EM LIQUIDAÇÃO";"OUTRO";"Não Dependente";27937695,92;-1400827,54;"SIM";"SIM";"NÃO";"12742.87";"Não";7;0;926626,79;0;0;0;NA;"DESENVOLVIMENTO";"Distrito Federal";"Centro-oeste";FALSE;TRUE
"88";"DF";"SOCIEDADE DE ABASTECIMENTO DE BRASÍLIA S.A. - SAB - EM LIQUIDAÇÃO";"ABASTECIMENTO";"Dependente";1777844,65;382965,71;"SIM";"SIM";"NÃO";"20497.759999999998";"Não";179;48267,36;20879141,82;0;21446072,35;0;-21446072,35;"ABASTECIMENTO";"Distrito Federal";"Centro-oeste";FALSE;FALSE
"89";"DF";"SOCIEDADE DE TRANSPORTES COLETIVOS DE BRASÍLIA LTDA. - TCB";"TRANSPORTES";"Dependente";63734748,08;6416973,71;"SIM";"SIM";"NÃO";"21517.11";"Não";565;7180961,18;4108886,69;0;14430773,67;6921797,83;-21352571,5;"TRANSPORTES";"Distrito Federal";"Centro-oeste";FALSE;FALSE
"90";"ES";"Banco de Desenvolvimento do Espírito Santo S/A - BANDES";"FINANCEIRO";"Não Dependente";219620000;-209203000;"SIM";"SIM";"SIM";"27854.73";"Não";163;1752000;40299000;0;0;117710000;-117710000;"FINANCEIRO";"Espiríto Santo";"Sudeste";TRUE;FALSE
"91";"ES";"Banco do Estado do Espirito Santo - BANESTES";"FINANCEIRO";"Não Dependente";1608362000;213738000;"SIM";"SIM";"SIM";"35580.32";"Sim";2232;90958000;367546000;100028000;0;0;100028000;"FINANCEIRO";"Espiríto Santo";"Sudeste";TRUE;FALSE
"92";"ES";"Centrais de Abastecimento do Espírito Santo- CEASA";"ABASTECIMENTO";"Dependente";9974787,68;528059;"SIM";"SIM";"NÃO";"9658.2999999999993";"Não";54;4651;5640995,58;0;6867901,74;0;-6867901,74;"ABASTECIMENTO";"Espiríto Santo";"Sudeste";FALSE;FALSE
"93";"ES";"Companhia de Habitação e Urbanização do Estado do Espirito Santo - COHAB - Em Liquidação";"OUTRO";"Dependente";15077000;-8000;"NÃO";"SIM";"NÃO";"6877";"Não";25;0;1803307,79;0;1857000;0;-1857000;"HABITAÇÃO E URBANIZAÇÃO";"Espiríto Santo";"Sudeste";FALSE;FALSE
"94";"ES";"Companhia Espirito Santense de Saneamento - CESAN";"SANEAMENTO";"Não Dependente";2519733;192686;"SIM";"SIM";"SIM";"27682.22";"Sim";1373;245246159,59;198444578,08;0;0;45228437,74;-45228437,74;"SANEAMENTO";"Espiríto Santo";"Sudeste";TRUE;FALSE
"95";"ES";"Companhia Estadual de Transportes Coletivos de Passageiros do Espirito Santo - CETURB";"TRANSPORTES";"Não Dependente";66626031,06;-724608,53;"SIM";"SIM";"NÃO";"20975.16";"Não";213;7033801,05;26015077,87;0;0;2361161,47;-2361161,47;"TRANSPORTES";"Espiríto Santo";"Sudeste";FALSE;FALSE
"96";"GO";"Agência de Fomento de Goiás S/A ¿ GOIÁSFOMENTO";"DESENVOLVIMENTO";"Não Dependente";189940468,58;8660778,75;"SIM";"SIM";"NÃO";"22232.49";"Não";112;0;21421196,05;0;0;0;0;"FINANCEIRO";"Goiás";"Centro-oeste";FALSE;FALSE
"97";"GO";"Agência Goiana de Habitação - AGEHAB";"SERVIÇOS PÚBLICOS";"Não Dependente";11144312,69;-34421654,01;"SIM";"SIM";"NÃO";"27459.14";"Não";191;120629,61;26711897,41;0;0;35735655,41;-35735655,41;"HABITAÇÃO E URBANIZAÇÃO";"Goiás";"Centro-oeste";FALSE;FALSE
"98";"GO";"Caixa Econômica do Estado de Goiás ¿ CAIXEGO";"FINANCEIRO";"Não Dependente";-425197217,78;0;"NÃO";"NÃO";"NÃO";"0";"Não";0;0;0;0;0;0;0;"FINANCEIRO";"Goiás";"Centro-oeste";FALSE;FALSE
"99";"GO";"Celg Geração & Transmissão ¿ CELG G & T";"ENERGIA";"Não Dependente";984150934,06;71096919,55;"NÃO";"SIM";"SIM";"42737.73";"Não";189;64823029,27;43817440,31;0;0;29504196,49;-29504196,49;"ENERGIA";"Goiás";"Centro-oeste";FALSE;FALSE
"100";"GO";"Central de Abastecimento de Goiás - CEASA";"ABASTECIMENTO";"Não Dependente";14615491,44;768883,21;"SIM";"SIM";"NÃO";"24944.49";"Não";86;51135,55;9639325,6;0;0;0;0;"ABASTECIMENTO";"Goiás";"Centro-oeste";FALSE;FALSE
"101";"GO";"Comp. de Armazéns e Silos do Est. de Goiás ¿ CASEGO";"ABASTECIMENTO";"Dependente";23188034,31;577685,08;"SIM";"SIM";"NÃO";"1000";"Não";0;0;67211,39;0;75991,39;0;-75991,39;"ABASTECIMENTO";"Goiás";"Centro-oeste";FALSE;FALSE
"102";"GO";"Companhia Celg de Participações ¿ CELGPAR";"ENERGIA";"Não Dependente";0;71922400,69;"SIM";"SIM";"SIM";"42737.73";"Não";0;13900000;4274280,55;0;0;0;0;"ENERGIA";"Goiás";"Centro-oeste";TRUE;FALSE
"103";"GO";"Companhia de Desenvolvimento Econômico de Goiás ¿ CODEGO";"DESENVOLVIMENTO";"Não Dependente";134635287,05;103565648,81;"SIM";"SIM";"NÃO";"40082.5";"Não";0;0;12534201,55;0;0;0;0;"DESENVOLVIMENTO";"Goiás";"Centro-oeste";FALSE;FALSE
"104";"GO";"Companhia de Investimentos e Parcerias do Estado de Goiás - GOIASPARCERIAS";"DESENVOLVIMENTO";"Não Dependente";394333079,03;1435345,13;"SIM";"SIM";"NÃO";"20000";"Não";22;1612898,06;2287854,53;0;0;1005696,77;-1005696,77;"GESTÃO DE ATIVOS";"Goiás";"Centro-oeste";FALSE;FALSE
"105";"GO";"Empresa de Assistência Técnica, Extensão Rural e Pesquisa Agropecuária do Estado de Goiás ¿ EMATER-GO";"ASSIS. TÉCNICA";"Dependente";54465851,17;916322,89;"NÃO";"SIM";"NÃO";"1000";"Não";0;0;65673,23;0;63870;0;-63870;"PESQUISA E ASSISTÊNCIA TÉCNICA";"Goiás";"Centro-oeste";FALSE;FALSE
"106";"GO";"Empresa Estadual de Processamento de Dados de Goiás - PRODAGO";"INFORMÁTICA";"Dependente";-355848998,49;-3028688,76;"NÃO";"SIM";"NÃO";"21887.5";"Não";32;0;4135434,9;0;21585241,05;0;-21585241,05;"INFORMÁTICA";"Goiás";"Centro-oeste";FALSE;FALSE
"107";"GO";"Goiás Telecomunicações S/A - GOIASTELECOM";"COMUNICAÇÕES";"Dependente";1723305,09;1147391,77;"SIM";"SIM";"NÃO";"20041.25";"Não";6;0;955421,11;0;1350000;0;-1350000;"OUTROS";"Goiás";"Centro-oeste";FALSE;FALSE
"108";"GO";"GOIÁSGAS";"DISTRIBUIÇÃO DE GÁS";"Não Dependente";691921,97;-512276,97;"SIM";"SIM";"NÃO";"8720";"Não";1;4690;152426,25;0;0;866696,04;-866696,04;"DISTRIBUIÇÃO DE GÁS";"Goiás";"Centro-oeste";FALSE;FALSE
"109";"GO";"Indústria Química do Estado de Goiás ¿ IQUEGO";"GESTÃO DE ATIVOS";"Não Dependente";13366938,33;498450,89;"SIM";"SIM";"SIM";"21851.54";"Não";51;0;6852000,55;0;0;11400905,48;-11400905,48;"SAÚDE";"Goiás";"Centro-oeste";TRUE;FALSE
"110";"GO";"Metais de Goiás S/A - METAGO";"GESTÃO DE ATIVOS";"Dependente";22544055,87;24304,46;"SIM";"SIM";"NÃO";"1000";"Não";NA;0;186526,68;0;63870;0;-63870;"MINERAÇÃO";"Goiás";"Centro-oeste";FALSE;FALSE
"111";"GO";"Metrobus Transporte Coletivo S.A";"TRANSPORTES";"Não Dependente";20014950,88;-13979332,82;"SIM";"SIM";"NÃO";"18515.38";"Não";441;4289220,71;39404509,55;0;0;4546337,51;-4546337,51;"TRANSPORTES";"Goiás";"Centro-oeste";FALSE;FALSE
"112";"GO";"Saneamento de Goiás S.A ¿ SANEAGO";"SANEAMENTO";"Não Dependente";2801329000;315731000;"SIM";"SIM";"SIM";"82529";"Sim";5836;188099000;1002856000;26089000;0;0;26089000;"SANEAMENTO";"Goiás";"Centro-oeste";TRUE;FALSE
"113";"MT";"AGÊNCIA DE FOMENTO DO ESTADO DE MATO GROSSO S A - DESENVOLVE - MT";"OUTRO";"Não Dependente";14395973,61;1415017,76;"SIM";"SIM";"NÃO";"18250.900000000001";"Não";12;12576891,43;10941318,05;0;0;0;NA;"FINANCEIRO";"Mato Grosso";"Centro-oeste";FALSE;TRUE
"114";"MT";"CENTRAL DE ABASTECIMENTO DO ESTADO DE MATO GROSSO - CEASA MT";"ABASTECIMENTO";"Dependente";751700;3711,01;"SIM";"SIM";"NÃO";"18450";"Não";0;0;3012405,89;0;1484631,87;0;-1484631,87;"ABASTECIMENTO";"Mato Grosso";"Centro-oeste";FALSE;FALSE
"115";"MT";"COMPANHIA DE SANEAMENTO DO ESTADO DE MATO GROSSO - SANEMAT";"SANEAMENTO";"Dependente";-61304451;-14198551;"SIM";"SIM";"NÃO";"6424.64";"Não";6;0;837397,74;0;20481519,21;0;-20481519,21;"SANEAMENTO";"Mato Grosso";"Centro-oeste";FALSE;FALSE
"116";"MT";"COMPANHIA MATOGROSSENSE DE GÁS - MT GÁS";"OUTRO";"Dependente";-3946451;-2261307;NA;NA;NA;NA;"Não";15;0;2406722;0;3208926,46;0;-3208926,46;"DISTRIBUIÇÃO DE GÁS";"Mato Grosso";"Centro-oeste";FALSE;FALSE
"117";"MT";"COMPANHIA MATOGROSSENSE DE MINERAÇÃO - METAMAT";"OUTRO";"Dependente";12250785;-578300;"SIM";"SIM";"NÃO";"25225";"Não";63;178960;1151338;0;19215207;0;-19215207;"MINERAÇÃO";"Mato Grosso";"Centro-oeste";FALSE;FALSE
"118";"MT";"EMPRESA MATOGROSSENSE DE PESQUISA, ASSISTÊNCIA E EXTENSÃO RURAL - EMPAER MT";"SEAF";"Dependente";92544051,33;-4278318,93;"SIM";"SIM";"CONTROLE INTERNO";NA;"Não";625;0;144521243,85;0;146988294,22;0;-146988294,22;"PESQUISA E ASSISTÊNCIA TÉCNICA";"Mato Grosso";"Centro-oeste";TRUE;FALSE
"119";"MT";"EMPRESA MATO-GROSSENSE DE TECNOLOGIA DA INFORMAÇÃO - MTI";"INFORMATICA";"Dependente";8622483,09;14871569,91;"SIM";"SIM";"NÃO";"53210.22";"Não";297;0;69342810,06;0;74492176,37;0;-74492176,37;"INFORMÁTICA";"Mato Grosso";"Centro-oeste";FALSE;FALSE
"120";"MT";"MT PARTICIPAÇÕES E PROJETOS S.A - MT PAR";"OUTRO";"Dependente";40001869,75;966771,11;"SIM";"SIM";"NÃO";"18250.900000000001";"Não";24;0;3240179,93;0;4688395,37;0;-4688395,37;"GESTÃO DE ATIVOS";"Mato Grosso";"Centro-oeste";FALSE;FALSE
"121";"MS";"CENTRAIS DE ABASTECIMENTO DO MATO GROSSO DO SUL S/A  - CEASA/MS";"ABASTECIMENTO";"Não Dependente";-231227,34;-107571,53;"SIM";"SIM";"Não";"6821.06";"Não";36;2220880,46;1743897,98;0;0;0;0;"ABASTECIMENTO";"Mato Grosso do Sul";"Centro-oeste";FALSE;FALSE
"122";"MS";"COMPANHIA DE GÁS DO ESTADO DE MATO GROSSO DO SUL - MSGÁS";"GÁS NATURAL";"Não Dependente";46021817,36;41006103,49;"SIM";"SIM";"SIM";"27599.75";"Sim";83;14606887,79;26008866,4;6164574,19;0;0;6164574,19;"DISTRIBUIÇÃO DE GÁS";"Mato Grosso do Sul";"Centro-oeste";TRUE;FALSE
"123";"MS";"EMPRESA DE SANEAMENTO DE MATO GROSSO DO SUL S.A.- SANESUL";"SANEAMENTO";"Não Dependente";814537988;83445108,48;"SIM";"SIM";"SIM";"26641.55";"Sim";1510;167731620,14;166380133,23;17038,24;0;0;17038,24;"SANEAMENTO";"Mato Grosso do Sul";"Centro-oeste";TRUE;FALSE
"124";"MG";"BDMG";"FINANCEIRO";"Não Dependente";1820883000;84131000;"SIM";"SIM";"SIM";"40285";"Sim";526;50756984,46;112567000;67399110,88;0;67514552,17;-115441,290000007;"FINANCEIRO";"Minas gerais";"Sudeste";TRUE;FALSE
"125";"MG";"CEMIG";"ENERGIA";"Não Dependente";15890865000;3128073000;"SIM";"SIM";"SIM";"70000";"Sim";5934;7062580000;1271518000;47855,37;0;0;47855,37;"ENERGIA";"Minas gerais";"Sudeste";TRUE;FALSE
"126";"MG";"CEMIG D";"ENERGIA";"Não Dependente";4708208000;1644366000;"SIM";"SIM";"SIM";"59000";"Sim";4425;5226277000;869289000;0;0;0;NA;"ENERGIA";"Minas gerais";"Sudeste";TRUE;TRUE
"127";"MG";"CEMIG GT";"ENERGIA";"Não Dependente";5136201000;835078000;"SIM";"SIM";"SIM";"70000";"Sim";1410;944265000;321745000;0;0;0;NA;"ENERGIA";"Minas gerais";"Sudeste";TRUE;TRUE
"128";"MG";"CODEMGE";"DESENVOLVIMENTO";"Não Dependente";2154701000;880556000;"SIM";"SIM";"SIM";"60151.96";"Sim";668;6226689,36;61085000;27236665,68;0;-124303000;151539665,68;"DESENVOLVIMENTO";"Minas gerais";"Sudeste";TRUE;FALSE
"129";"MG";"CODEMIG";"DESENVOLVIMENTO";"Não Dependente";739116000;1075550000;"SIM";"SIM";"SIM";NA;"Sim";31;439616680,09;4233000;439618243,28;0;124303000;315315243,28;"DESENVOLVIMENTO";"Minas gerais";"Sudeste";TRUE;FALSE
"130";"MG";"CODEPAR";"DESENVOLVIMENTO";"Não Dependente";371758000;13871000;"SIM";"SIM";"SIM";NA;"Não";0;NA;NA;0;0;0;NA;"DESENVOLVIMENTO";"Minas gerais";"Sudeste";TRUE;TRUE
"131";"MG";"COHAB";"OUTRO";"Não Dependente";-62603000;-14771000;"SIM";"SIM";"NÃO";"29422.7";"Não";205;NA;30208000;0;0;0;NA;"HABITAÇÃO E URBANIZAÇÃO";"Minas gerais";"Sudeste";FALSE;TRUE
"132";"MG";"COPANOR";"SANEAMENTO";"Não Dependente";128783000;-17972000;"NÃO";"SIM";"NÃO";"7178.5";"Não";465;34102878,01;19057344,95;0;0;0;NA;"SANEAMENTO";"Minas gerais";"Sudeste";FALSE;TRUE
"133";"MG";"COPASA";"SANEAMENTO";"Não Dependente";6743713000;754374000;"SIM";"SIM";"SIM";"48294.59";"Sim";12652;1265735110,46;1415206000;136917186,33;0;0;136917186,33;"SANEAMENTO";"Minas gerais";"Sudeste";TRUE;FALSE
"134";"MG";"EMATER";"ASSIS. TÉCNICA";"Dependente";56089013,75;2983840,68;"SIM";"SIM";"NÃO";"31122.54";"Não";1973;1130031,26;266218137,13;0;202319004,16;0;-202319004,16;"PESQUISA E ASSISTÊNCIA TÉCNICA";"Minas gerais";"Sudeste";FALSE;FALSE
"135";"MG";"EMC";"COMUNICAÇÕES";"Dependente";36746012,81;699255,34;"SIM";"SIM";"NÃO";"9191.0300000000007";"Não";107;NA;8801854,17;0;10894276,37;0;-10894276,37;"COMUNICAÇÃO";"Minas gerais";"Sudeste";FALSE;FALSE
"136";"MG";"EPAMIG";"PESQUISA";"Dependente";3123717,3;756922,16;"SIM";"SIM";"NÃO";"23518.86";"Não";875;4203428,97;92447339,81;0;97282763,64;0;-97282763,64;"PESQUISA E ASSISTÊNCIA TÉCNICA";"Minas gerais";"Sudeste";FALSE;FALSE
"137";"MG";"GASMIG";"DISTRIBUIÇÃO DE GÁS";"Não Dependente";995408000;164558000;"SIM";"SIM";"SIM";"58349.41";"Sim";285;44969000;52125000;0;0;0;NA;"DISTRIBUIÇÃO DE GÁS";"Minas gerais";"Sudeste";TRUE;TRUE
"138";"MG";"METROMINAS";"TRANSPORTES";"Não Dependente";95428;-213761;"SIM";"SIM";"NÃO";"9000";"Não";1;NA;170633;0;0;0;NA;"TRANSPORTES";"Minas gerais";"Sudeste";FALSE;TRUE
"139";"MG";"MGI";"GESTÃO DE ATIVOS";"Não Dependente";443431745,53;-8494374,33;"SIM";"SIM";"SIM";"12373.72";"Não";85;78287001,88;9259668,32;0;0;57457711,49;-57457711,49;"GESTÃO DE ATIVOS";"Minas gerais";"Sudeste";TRUE;FALSE
"140";"MG";"MGS";"OUTRO";"Não Dependente";32365402,9;501190,44;"SIM";"SIM";"SIM";"15881.98";"Não";24545;NA;71005966,69;10763463,4;0;0;10763463,4;"GESTÃO DE ATIVOS";"Minas gerais";"Sudeste";TRUE;FALSE
"141";"MG";"PRODEMGE";"INFORMÁTICA";"Não Dependente";77490690;7676523;"SIM";"SIM";"SIM";"20950.900000000001";"Não";1116;5459585,96;140613032,48;0;0;0;NA;"INFORMÁTICA";"Minas gerais";"Sudeste";TRUE;TRUE
"142";"PA";"BANCO DO ESTADO DO PARÁ";"FINANCEIRO";"Não Dependente";1365474472,56;324051731,33;"SIM";"SIM";"SIM";"26113.55";"Sim";2388;31398001,05;500557783,33;128769805,89;0;0;128769805,89;"FINANCEIRO";"Pará";"Norte";TRUE;FALSE
"143";"PA";"CENTRAL DE ABASTECIMENTO DO PARÁ";"ABASTECIMENTO";"Dependente";4124627,42;327277,49;"SIM";"SIM";"SIM";"17581";"Não";77;246177,84;5659338,7;0;9249668,55;30073,99;-9279742,54;"ABASTECIMENTO";"Pará";"Norte";TRUE;FALSE
"144";"PA";"COMPANHIA ADMINISTRADORA DA ZONA DE PROCESSAMENTO DE EXPORTAÇÃO";"DESENVOLVIMENTO";"Não Dependente";24141052,72;-112477,55;"SIM";"SIM";"NÃO";NA;"Não";0;0;0;0;0;2e+05;-2e+05;"DESENVOLVIMENTO";"Pará";"Norte";FALSE;FALSE
"145";"PA";"COMPANHIA DE DESENVOLVIMENTO ECONÔMICO DO PARÀ";"DESENVOLVIMENTO";"Dependente";56909668,65;319460,06;"SIM";"SIM";"NÃO";"17036";"Não";38;1266169,72;4141832,64;0;4323168,75;0;-4323168,75;"DESENVOLVIMENTO";"Pará";"Norte";FALSE;FALSE
"146";"PA";"COMPANHIA DE GÁS DO PARÁ";"DISTRIBUIÇÃO DE GÁS";"Não Dependente";315;1256;"SIM";"SIM";"NÃO";NA;"Não";2;NA;351058;0;471750;376;-472126;"DISTRIBUIÇÃO DE GÁS";"Pará";"Norte";FALSE;FALSE
"147";"PA";"COMPANHIA DE HABITAÇÃO DO ESTADO DO PARÁ";"SERVIÇOS PÚBLICOS";"Dependente";115300312,78;-743828,14;"SIM";"SIM";"NÃO";"23087.39";"Não";172;10806425,05;28747495,14;0;51767489,88;0;-51767489,88;"HABITAÇÃO E URBANIZAÇÃO";"Pará";"Norte";FALSE;FALSE
"148";"PA";"COMPANHIA DE PORTOS E HIDROVIAS DO ESTADO DO PARÁ";"TRANSPORTES";"Dependente";43182470,28;32597484,47;"SIM";"SIM";"SIM";"21523.91";"Não";50;32454797,6;3760135,58;0;9275907,51;0;-9275907,51;"PORTOS E HIDROVIAS";"Pará";"Norte";TRUE;FALSE
"149";"PA";"COMPANHIA DE SANEAMENTO DO PARÁ";"SANEAMENTO";"Não Dependente";357365631,29;-248485246,21;"SIM";"SIM";"SIM";NA;"Não";1686;10708768,44;186181574,16;0;0;223343621;-223343621;"SANEAMENTO";"Pará";"Norte";TRUE;FALSE
"150";"PA";"EMPRESA DE ASSISTÊNCIA TÉCNICA E EXTENSÃO RURAL DO ESTADO DO PARÁ";"ASSITÊNCIA TÉCNICA";"Dependente";20476852,27;3258885,81;"SIM";"NÃO";"NÃO";"40164.370000000003";"Não";945;444447,9;103610642,29;0;108268724;0;-108268724;"PESQUISA E ASSISTÊNCIA TÉCNICA";"Pará";"Norte";FALSE;FALSE
"151";"PA";"EMPRESA DE TECNOLOGIA DA INFORMAÇÃO E COMUNICAÇÃO DO ESTADO DO PARÁ";"INFORMÁTICA";"Dependente";32669046,1;2892803,42;"SIM";"SIM";"NÃO";"31534.74";"Não";305;2892803,42;48447961,93;0;55167695,02;0;-55167695,02;"INFORMÁTICA";"Pará";"Norte";FALSE;FALSE
"152";"PB";"COMPANHIA DE ÁGUA E ESGOTOS DA PARAIBA";"SANEAMENTO";"Não Dependente";1520720791;99721000;"SIM";"SIM";"SIM";"0";"Não";2942;0;401098000;0;0;0;0;"SANEAMENTO";"Paraíba";"Nordeste";TRUE;FALSE
"153";"PB";"COMPANHIA DE DESENVOLVIMENTO DA PARAÍBA - CINEP";"OUTRO";"Dependente";13158224,25;189546,74;"SIM";"SIM";"NÃO";"0";"Não";86;0;2645702,47;0;4760116,39;0;-4760116,39;"DESENVOLVIMENTO";"Paraíba";"Nordeste";FALSE;FALSE
"154";"PB";"COMPANHIA DE PROCESSAMENTO DE DADOS DA PARAIBA - CODATA";"INFORMÁTICA";"Dependente";88770870,26;2278325,27;"SIM";"SIM";"NÃO";"0";"Não";213;1728304,1;0;0;0;0;0;"INFORMÁTICA";"Paraíba";"Nordeste";FALSE;FALSE
"155";"PB";"COMPANHIA DOCAS DA PARAIBA";"OUTRO";"Não Dependente";77132097,35;646040,17;"SIM";"SIM";"NÃO";"0";"Não";33;0;0;0;0;0;0;"PORTOS E HIDROVIAS";"Paraíba";"Nordeste";FALSE;FALSE
"156";"PB";"COMPANHIA ESTADUAL DE HABITAÇÃO POPULAR ¿ CEHAP";"OUTRO";"Dependente";28078342;-3054633;"SIM";"SIM";"NÃO";"0";"Não";237;0;10192490;0;17187184,14;0;-17187184,14;"HABITAÇÃO E URBANIZAÇÃO";"Paraíba";"Nordeste";FALSE;FALSE
"157";"PB";"COMPANHIA PARAIBANA DE GÁS";"DISTRIBUIÇÃO DE GÁS";"Não Dependente";65174248,92;4558628,28;"SIM";"SIM";"SIM";"0";"Não";72;0;10370000;1545722,69;0;0;1545722,69;"DISTRIBUIÇÃO DE GÁS";"Paraíba";"Nordeste";TRUE;FALSE
"158";"PB";"EMPAER";"OUTRO";"Dependente";-184209,04;-184209,04;"SIM";"SIM";"NÃO";"0";"Não";841;58678,32;61082873,07;0;53694257,2;0;-53694257,2;"PESQUISA E ASSISTÊNCIA TÉCNICA";"Paraíba";"Nordeste";FALSE;FALSE
"159";"PB";"EMPRESA PARAIBANA DE COMUNICAÇÃO - EPC";"COMUNICAÇÕES";"Dependente";23258411,74;4884279,7;"SIM";"SIM";"NÃO";"0";"Não";287;256533,94;909914;0;4425576,77;18374132,04;-22799708,81;"COMUNICAÇÃO";"Paraíba";"Nordeste";FALSE;FALSE
"160";"PB";"EMPRESA PARAÍBANA DE TURISMO S/A - PBTUR";"OUTRO";"Dependente";2397904;12987;"SIM";"SIM";"NÃO";"0";"Não";5;0;0;0;2593626;0;-2593626;"TURISMO";"Paraíba";"Nordeste";FALSE;FALSE
"161";"PB";"LABORAT.INDL.FARMAC.EST.PARAIBA S/A-LIFESA";"SAÚDE";"Dependente";794578,86;-208725,31;"SIM";"SIM";"NÃO";"0";"Não";14;0;0;0;905741,04;0;-905741,04;"SAÚDE";"Paraíba";"Nordeste";FALSE;FALSE
"162";"PB";"PBTUR HOTEIS S/A";"OUTRO";"Dependente";10818584;-89760;"SIM";"SIM";"NÃO";"0";"Não";1;0;0;0;52263,2;0;-52263,2;"TURISMO";"Paraíba";"Nordeste";FALSE;FALSE
"163";"PR";"Administração dos Portos de Paranaguá e Antonina - APPA";"Serviços Públicos";"Não Dependente";498345970,27;24897095,5;"Possui";"Possui";"Possui";"34601.550000000003";"Não";520;143370858,47;76630708,67;0;0;0;0;"PORTOS E HIDROVIAS";"Paraná";"Sul";TRUE;FALSE
"164";"PR";"Agência de Fomento do Paraná";"Financeiro";"Não Dependente";NA;NA;"Possui";"Possui";"Possui";NA;NA;107;NA;NA;0;0;0;NA;"FINANCEIRO";"Paraná";"Sul";TRUE;TRUE
"165";"PR";"Centrais de Abastecimento do Paraná S/A - CEASA/PR";"Agricultura";"Não Dependente";129757157,44;4020064,54;"Possui";"Possui";"Não possui";NA;"Não";69;7070908,66;10674385,89;0;0;0;0;"ABASTECIMENTO";"Paraná";"Sul";FALSE;FALSE
"166";"PR";"Companhia de Desenvolvimento Agropecuário do Paraná (CODAPAR)";"Abastecimento";"Não Dependente";-34564065,3;-23270985,31;"Possui";"Possui";"Não Possui";"27118.48";"Não";285;NA;34004661,67;0;0;44106870;-44106870;"ABASTECIMENTO";"Paraná";"Sul";FALSE;FALSE
"167";"PR";"Companhia de Habitação do Paraná - COHAPAR";"Administração de Obras";"Dependente";-32734829,02;-32734829,02;"Possui";"Possui";"Não possui";"40129.050000000003";"Não";358;31602035,85;66950139,87;0;58521443,15;0;-58521443,15;"HABITAÇÃO E URBANIZAÇÃO";"Paraná";"Sul";FALSE;FALSE
"168";"PR";"Companhia de Saneamento do Paraná - SANEPAR";"Saneamento";"Não Dependente";6173914000;1080034000;"Possui";"Possui";"Possui";NA;"Sim";6985;1029604000;1094751000;79597000;0;0;79597000;"SANEAMENTO";"Paraná";"Sul";TRUE;FALSE
"169";"PR";"Companhia de Tecnologia da Informação e Comunicação do Paraná(CELEPAR)";"Informática";"Não Dependente";130426088;2789250;"Possui";"Possui";"Possui";"34602";"Não";1095;7763830;193199986;627320;0;0;627320;"INFORMÁTICA";"Paraná";"Sul";TRUE;FALSE
"170";"PR";"Companhia Paranaense de Energia - Copel";"Energia";"Não Dependente";17598213;2062869;"Possui";"Possui";"Possui";"10924.64";"Sim";61;1928600;1563708;112196;0;0;112196;"ENERGIA";"Paraná";"Sul";TRUE;FALSE
"171";"PR";"Estrada de Ferro Paraná Oeste S/A";"Transporte Ferroviário";"Não Dependente";274185635,4;-6530718,66;"Possui";"Possui";"Não possui";NA;"Não";137;418852,61;7353780,1;0;0;5e+06;-5e+06;"TRANSPORTES";"Paraná";"Sul";FALSE;FALSE
"172";"PR";"Instituto de Tecnologia do Paraná - TECPAR";"Primário";"Não Dependente";69920496,12;-26149115,06;"Possui";"Possui";"Possui";"25093.53";"Não";332;2944734,21;49584401,23;0;0;52101596;-52101596;"PESQUISA E ASSISTÊNCIA TÉCNICA";"Paraná";"Sul";TRUE;FALSE
"173";"PE";"AGENCIA DE DESENVOLVIMENTO ECONOMICO DE PERNAMBUCO S.A. - AD DIPER";"DESENVOLVIMENTO";"Não Dependente";179999343,43;-5882713;"SIM";"SIM";"NÃO";"9648.35";"Não";52;11137298,75;16861617,05;6400000;0;0;6400000;"DESENVOLVIMENTO";"Pernambuco";"Nordeste";FALSE;FALSE
"174";"PE";"AGENCIA DE FOMENTO DO ESTADO DE PERNAMBUCO S.A. - AGE";"FINANCEIRO";"Não Dependente";47281331,39;-907319,12;"SIM";"SIM";"NÃO";"15200";"Não";0;0;3480894,24;0;0;0;0;"FINANCEIRO";"Pernambuco";"Nordeste";FALSE;FALSE
"175";"PE";"COMPANHIA EDITORA DE PERNAMBUCO - CEPE";"OUTRO";"Não Dependente";58845023;-7604393;"SIM";"SIM";"NÃO";"14668.4";"Não";87;74909;14167056;0;0;0;0;"COMUNICAÇÃO";"Pernambuco";"Nordeste";FALSE;FALSE
"176";"PE";"COMPANHIA ESTADUAL DE HABITAÇÃO E OBRAS - CEHAB";"OUTRO";"Dependente";47448749,75;-8813975,11;"SIM";"SIM";"NÃO";"9966.6200000000008";"Não";0;85177332,45;8441239,38;0;69812588,56;0;-69812588,56;"HABITAÇÃO E URBANIZAÇÃO";"Pernambuco";"Nordeste";FALSE;FALSE
"177";"PE";"COMPANHIA PERNAMBUCANA DE GÁS - COPERGÁS";"ENERGIA";"Não Dependente";363020729,56;192373398,11;"SIM";"SIM";"SIM";"21214.89";"Sim";123;37131278,14;33470620,97;17335338,36;0;0;17335338,36;"DISTRIBUIÇÃO DE GÁS";"Pernambuco";"Nordeste";TRUE;FALSE
"178";"PE";"COMPANHIA PERNAMBUCANA DE SANEAMENTO - COMPESA";"ABASTECIMENTO";"Não Dependente";6107115236,25;158620211,03;"SIM";"SIM";"SIM";"30572.68";"Sim";3242;376915083,84;275766383,66;0;0;71691803,33;-71691803,33;"SANEAMENTO";"Pernambuco";"Nordeste";TRUE;FALSE
"179";"PE";"CONSÓRCIO DE TRANSPORTES DA REGIÃO METROPOLITANA DO RECIFE - CTM";"TRANSPORTES";"Dependente";-164045095;10001725;"NÃO";"SIM";"NÃO";"22931.01";"Não";261;5092712,13;41778439,71;0;201990551,07;0;-201990551,07;"TRANSPORTES";"Pernambuco";"Nordeste";FALSE;FALSE
"180";"PE";"EMPRESA DE TURISMO DE PERNAMBUCO GOVERNADOR EDUARDO CAMPOS - EMPETUR";"OUTRO";"Dependente";181562246,93;-19483259,76;"SIM";"SIM";"NÃO";"24520.86";"Não";143;0;22271836,68;0;73189284,52;0;-73189284,52;"TURISMO";"Pernambuco";"Nordeste";FALSE;FALSE
"181";"PE";"EMPRESA PERNAMBUCANA DE TRANSPOSTE COLETIVO INTERMUNICIPAL - EPTI";"TRANSPORTES";"Dependente";2021516,33;633978;"SIM";"SIM";"NÃO";"9966.6200000000008";"Não";0;65404,49;2408852,08;0;2016457,39;0;-2016457,39;"TRANSPORTES";"Pernambuco";"Nordeste";FALSE;FALSE
"182";"PE";"EMPRESA PERNAMBUCO DE COMUNICAÇÃO S.A. - EPC";"COMUNICAÇÕES";"Dependente";7251071;1749117;"SIM";"SIM";"NÃO";"7973.3";"Não";0;402808;2444768;0;5512155;0;-5512155;"COMUNICAÇÃO";"Pernambuco";"Nordeste";FALSE;FALSE
"183";"PE";"INSTITUTO AGRONÔMICO DE PERNAMBUCO - IPA";"SERVIÇOS PÚBLICOS";"Dependente";36099451;-4235139;"SIM";"SIM";"NÃO";"12796.77";"Não";712;4324157,27;56505747,99;0;92391578,22;0;-92391578,22;"PESQUISA E ASSISTÊNCIA TÉCNICA";"Pernambuco";"Nordeste";FALSE;FALSE
"184";"PE";"LABORATÓRIO FARMACÊUTICO DO ESTADO DE PERNAMBUCO GOVERNADOR MIGUEL ARRAES S.A. - LAFEPE";"OUTRO";"Não Dependente";110186539;29300000;"SIM";"SIM";"NÃO";"19831.09";"Não";454;2653331;39529373,4;0;0;0;0;"SAÚDE";"Pernambuco";"Nordeste";FALSE;FALSE
"185";"PE";"PERNAMBUCO PARTICIPAÇÕES E INVESTIMENTOS S.A. - PERPART (7)";"OUTRO";"Dependente";-316976606;24133372,13;"SIM";"SIM";"NÃO";"11995.43";"Não";995;4455,65;72676946,96;0;88205685,49;13078186,21;-101283871,7;"GESTÃO DE ATIVOS";"Pernambuco";"Nordeste";FALSE;FALSE
"186";"PE";"PORTO DO RECIFE S.A.";"OUTRO";"Não Dependente";4159748,87;-45472698,6;"SIM";"SIM";"NÃO";"17550.05";"Não";19;0;30766061,18;0;0;6210000;-6210000;"PORTOS E HIDROVIAS";"Pernambuco";"Nordeste";FALSE;FALSE
"187";"PE";"SUAPE COMPLEXO INDUSTRIAL PORTUÁRIO GOVERNADOR ERALDO GUEIROS - SUAPE";"OUTRO";"Não Dependente";3117191491;16171430;"SIM";"SIM";"SIM";"37205";"Não";127;27803159;58482495;0;0;721350;-721350;"PORTOS E HIDROVIAS";"Pernambuco";"Nordeste";TRUE;FALSE
"188";"RJ";"Agência de Fomento do Estado do Rio de Janeiro S.A. - AgeRio";"FINANCEIRO";"Não Dependente";474796965,02;7204367,88;"SIM";"SIM";"SIM";"27027.11";"Sim";120;60936,21;29784199,47;0;0;0;NA;"FINANCEIRO";"Rio de Janeiro";"Sudeste";TRUE;TRUE
"189";"RJ";"Centrais de Abastecimento do Estado do Rio de Janeiro - CEASA";"ABASTECIMENTO";"Dependente";NA;NA;"SIM";"SIM";"NÃO";"17707.21";"Não";136;5682704,78;20942202,08;0;11859762,56;0;-11859762,56;"ABASTECIMENTO";"Rio de Janeiro";"Sudeste";FALSE;FALSE
"190";"RJ";"Comapnhia Estadual de Engenharia de Transportes e Logísticas - CENTRAL";"TRANSPORTES";"Dependente";791399588,73;-5108918,33;"SIM";"SIM";"NÃO";NA;"Não";420;NA;59195166,56;0;67292889,67;0;-67292889,67;"TRANSPORTES";"Rio de Janeiro";"Sudeste";FALSE;FALSE
"191";"RJ";"Companhia de Armazéns e Silos do Estado do Rio de Janeiro - CASERJ";"OUTRO";"Dependente";NA;NA;"SIM";"SIM";"NÃO";NA;"Não";46;NA;4103933,84;0;4371115,87;0;-4371115,87;"ABASTECIMENTO";"Rio de Janeiro";"Sudeste";FALSE;FALSE
"192";"RJ";"Companhia de Desenvolvimento Rodoviário e Terminais do Estado do Rio de Janeiro - CODERTE";"TRANSPORTES";"Não Dependente";12649841,24;-1204790,18;"SIM";"SIM";"NÃO";"6633.58";"Não";120;30320;9402413,67;0;0;0;NA;"TRANSPORTES";"Rio de Janeiro";"Sudeste";FALSE;TRUE
"193";"RJ";"Companhia de Transportes do Estado do Rio de Janeiro - RIOTRILHOS";"TRANSPORTES";"Dependente";NA;NA;"SIM";"SIM";"SIM";NA;NA;431;NA;NA;0;0;0;NA;"TRANSPORTES";"Rio de Janeiro";"Sudeste";TRUE;TRUE
"194";"RJ";"Companhia de Turismo do Estado do Estado do Rio de Janeiro  - TURISRIO";"SERVIÇOS PÚBLICOS";"Dependente";-453258,47;-228253,06;"SIM";"SIM";"NÃO";"15000";"Não";56;10990262,74;4675761,28;0;0;0;NA;"TURISMO";"Rio de Janeiro";"Sudeste";FALSE;TRUE
"195";"RJ";"Companhia Estadual de Águas e Esgotos ¿ CEDAE";"Saneamento, Serv. Água e Gás";"Não Dependente";7277650000;1022934000;"SIM";"SIM";"SIM";"68340";"Sim";5125;121803000;1104258000;242947000;0;0;242947000;"SANEAMENTO";"Rio de Janeiro";"Sudeste";TRUE;FALSE
"196";"RJ";"Companhia Estadual de Haitação do Rio de Janeiro - CEHAB/RJ";"OUTRO";"Dependente";81833354,95;-16893286,6;"SIM";"SIM";"NÃO";"18152.18";"Não";335;28050548,31;53475817,07;0;87035053,97;228066288,04;-315101342,01;"HABITAÇÃO E URBANIZAÇÃO";"Rio de Janeiro";"Sudeste";FALSE;FALSE
"197";"RJ";"Empresa de Assistência Técnica e Extensão Rural do Estado do Rio de Janeiro - EMATER-RIO";"ASSISTÊNCIA TÉCNICA";"Dependente";96964,85;-510548,59;"SIM";"SIM";"NÃO";NA;"Não";580;NA;82604429,96;0;87094460,55;0;-87094460,55;"PESQUISA E ASSISTÊNCIA TÉCNICA";"Rio de Janeiro";"Sudeste";FALSE;FALSE
"198";"RJ";"Empresa de Obras Públicas do Estado Do Rio de Janeiro - EMOP";"OUTRO";"Dependente";301669929,82;-162997,88;"SIM";"SIM";"NÃO";NA;"Não";441;5885622,61;54901409,63;0;78291498,6;0;-78291498,6;"HABITAÇÃO E URBANIZAÇÃO";"Rio de Janeiro";"Sudeste";FALSE;FALSE
"199";"RJ";"Empresa de Pesquisa Agropecuária do Estado do Rio de Janeiro - PESAGRO-RIO";"PESQUISA";"Dependente";-7131724,89;1322145,26;"SIM";"SIM";"NÃO";NA;"Não";289;171380,36;23279808,24;0;0;0;NA;"PESQUISA E ASSISTÊNCIA TÉCNICA";"Rio de Janeiro";"Sudeste";FALSE;TRUE
"200";"RJ";"IMPRENSA OFICIAL DO ESTADO DO RIO DE JANEIRO";"OUTRO";"Não Dependente";NA;124665163,77;"SIM";"SIM";"NÃO";"8692675.8699999992";"Não";NA;NA;18705838,02;0;0;0;NA;"COMUNICAÇÃO";"Rio de Janeiro";"Sudeste";FALSE;TRUE
"201";"RS";"BADESUL Desenvolvimento S.A. - Agência de Fomento/RS";"FINANCEIRO";"Não Dependente";732864;28113;"SIM";"SIM";"SIM";"29";"Sim";145;NA;3552;274355,68;0;0;274355,68;"FINANCEIRO";"Rio Grande do Sul";"Sul";TRUE;FALSE
"202";"RS";"Banco do Estado do Rio Grande do Sul - BANRISUL";"FINANCEIRO";"Não Dependente";7794105;1344418;"SIM";"SIM";"SIM";"51";"Sim";10763;NA;1966331;0;0;0;NA;"FINANCEIRO";"Rio Grande do Sul";"Sul";TRUE;TRUE
"203";"RS";"Caixa de Administração da Dívida Pública Estadual - CADIP";"FINANCEIRO";"Não Dependente";221547;-35;"SIM";"SIM";"NÃO";"0";"Não";0;NA;0;0;0;0;NA;"FINANCEIRO";"Rio Grande do Sul";"Sul";FALSE;TRUE
"204";"RS";"Centrais de Abastecimento do Rio Grande do Sul - CEASA";"ABASTECIMENTO";"Não Dependente";NA;NA;"SIM";"SIM";"SIM";"10.5";"Não";35;NA;NA;0;0;0;NA;"ABASTECIMENTO";"Rio Grande do Sul";"Sul";TRUE;TRUE
"205";"RS";"Companhia de Gás do Estado RGS - SULGÁS";"DISTRIBUIÇÃO DE GÁS";"Não Dependente";191729;82718;"SIM";"SIM";"SIM";"10.5";"Não";134;NA;39239;33665,08;0;0;33665,08;"DISTRIBUIÇÃO DE GÁS";"Rio Grande do Sul";"Sul";TRUE;FALSE
"206";"RS";"Companhia de Processamento de Dados do Estado do RS - PROCERGS";"INFORMÁTICA";"Não Dependente";-37900;-39440;"SIM";"SIM";"SIM";"30.7";"Não";1069;NA;NA;0;0;0;NA;"INFORMÁTICA";"Rio Grande do Sul";"Sul";TRUE;TRUE
"207";"RS";"Companhia Estadual de Distribuição de Enegia Eletrica - CEEE-D";"ENERGIA";"Não Dependente";-3690282;-1082512;"SIM";"SIM";"SIM";"18";"Não";2291;NA;426119;0;0;0;NA;"ENERGIA";"Rio Grande do Sul";"Sul";TRUE;TRUE
"208";"RS";"Companhia Estadual de Geração e Transmição de Energia Eletrica - CEEE-GT";"ENERGIA";"Não Dependente";2432740;391230;"SIM";"SIM";"SIM";"16";"Não";1091;NA;309091;0;0;0;NA;"ENERGIA";"Rio Grande do Sul";"Sul";TRUE;TRUE
"209";"RS";"Companhia Riograndense de Mineração - CRM";"ENERGIA";"Não Dependente";NA;NA;"SIM";"SIM";"SIM";"19.8";"Não";321;NA;NA;0;0;0;NA;"MINERAÇÃO";"Rio Grande do Sul";"Sul";TRUE;TRUE
"210";"RS";"Companhia Riograndense de Saneamento - CORSAN";"SANEAMENTO";"Não Dependente";2353111;301153;"SIM";"SIM";"SIM";"25";"Não";5908;NA;1116155;50820,94;0;52458;-1637,06;"SANEAMENTO";"Rio Grande do Sul";"Sul";TRUE;FALSE
"211";"RS";"Empresa Gaúcha de Rodovias - EGR";"TRANSPORTES";"Não Dependente";NA;NA;"SIM";"SIM";"SIM";"28";"Não";62;NA;NA;0;0;0;NA;"TRANSPORTES";"Rio Grande do Sul";"Sul";TRUE;TRUE
"212";"RO";"COMPANHIA DE ÁGUA E ESGOTO DE RONDÔNIA";"SANEAMENTO";"Não Dependente";-1028132610;625252,14;"SIM";"SIM";"NÃO";"25030.29";"Não";635;941775,19;69709010;0;0;334078;-334078;"SANEAMENTO";"Rondônia";"Norte";FALSE;FALSE
"213";"RO";"COMPANHIA DE MINERAÇÃO DE RONDÔNIA";"OUTRO";"Não Dependente";1844843729,98;20380739,46;"SIM";"SIM";"NÃO";"16000";"Não";35;8151,66;1500000;0;0;0;NA;"MINERAÇÃO";"Rondônia";"Norte";FALSE;TRUE
"214";"RO";"COMPANHIA RONDONIENSE DE GÁS - RONGÁS";"DISTRIBUIÇÃO DE GÁS";"Não Dependente";-1879959,03;-560884,8;"SIM";"SIM";"NÃO";"2443.4499999999998";"Não";1;0;26118,65;0;0;0;NA;"DISTRIBUIÇÃO DE GÁS";"Rondônia";"Norte";FALSE;TRUE
"215";"RO";"SOCIEDADE DE PORTOS E HIDROVIAS DO ESTADO DE RONDÔNIA";"OUTRO";"Não Dependente";2837372,16;196886,65;"SIM";"SIM";"NÃO";"21231.21";"Não";39;317404,97;9828031,87;0;0;0;NA;"PORTOS E HIDROVIAS";"Rondônia";"Norte";FALSE;TRUE
"216";"RR";"COMANHIA DE ÁGUA E ESGOTO DE RORAIMA";"SANEAMENTO";"Não Dependente";393422254,6;-71046880,11;"SIM";"SIM";"SIM";"23175";"Não";746;1466867,12;38060760,31;0;0;0;0;"SANEAMENTO";"Roraima";"Norte";TRUE;FALSE
"217";"RR";"COMPANHIA DE DESENVOLVIMENTO DE RORAIMA - CODESAIMA";"OUTROS";"Dependente";165396888,03;-8516315,99;"SIM";"SIM";"NÃO";"23335";"Não";249;0;17739094,11;0;18853987,68;0;-18853987,68;"DESENVOLVIMENTO";"Roraima";"Norte";FALSE;FALSE
"218";"RR";"COMPANHIA ENERGÉTICA DE RORAIMA";"ENERGIA";"Dependente";-141020000;-25158000;"SIM";"SIM";"NÃO";"23175";"Não";286;5229;31610004,25;0;31860362,07;0;-31860362,07;"ENERGIA";"Roraima";"Norte";FALSE;FALSE
"219";"RR";"AGÊNCIA DE FOMENTO DO ESTADO DE RORAIMA";"DESENVOLVIMENTO";"Dependente";7297377,35;-322403,24;"SIM";"SIM";"NÃO";"23175";"Não";33;31318;3631941,4;0;5144983,56;0;-5144983,56;"FINANCEIRO";"Roraima";"Norte";FALSE;FALSE
"220";"SC";"Agência de Desenvolvimento do Turismo de Santa Catarina";"DESENVOLVIMENTO";"Dependente";NA;NA;"NÃO";"SIM";"NÃO";"17312.07";"Não";31;10732,7;4973826,82;0;0;0;NA;"TURISMO";"Santa Catarina";"Sul";FALSE;TRUE
"221";"SC";"Agência de Fomento do Estado de Santa Catarina S.A.";"FINANCEIRO";"Não Dependente";597150251,33;44578232,34;"SIM";"SIM";"SIM";"48199.08";"Não";100;0;34666475,79;0;0;0;NA;"FINANCEIRO";"Santa Catarina";"Sul";TRUE;TRUE
"222";"SC";"CENTRAIS DE ABASTECIMENTO DO ESTADO DE SANTA CATARINA";"ABASTECIMENTO";"Não Dependente";8642564,47;1022638,48;"SIM";"SIM";"NÃO";"8795.67";"Não";43;375224,67;1277451,62;0;0;0;NA;"ABASTECIMENTO";"Santa Catarina";"Sul";FALSE;TRUE
"223";"SC";"Centrais Elétricas de Santa Catarina S.A.";"ENERGIA";"Não Dependente";1407123619,82;283575141,12;"SIM";"SIM";"SIM";"832054.27";"Sim";3300;599971460,57;778918573,62;13633512,07;0;0;13633512,07;"ENERGIA";"Santa Catarina";"Sul";TRUE;FALSE
"224";"SC";"CENTRO DE INFORMATICA E AUTOMAÇÃO DO ESTADO DE SC S/A";"INFORMÁTICA";"Não Dependente";53484475,92;8117167,59;"SIM";"SIM";"NÃO";"0";"Não";346;9354860,07;73622299,67;0;0;0;NA;"INFORMÁTICA";"Santa Catarina";"Sul";FALSE;TRUE
"225";"SC";"Cia de Habitação do Estado de Santa Catarina S.A. (Em liquidação)";"DESENVOLVIMENTO";"Dependente";-6637738,63;-5855201,29;"NÃO";"SIM";"NÃO";"16893.98";"Não";20;0;7668146,22;0;7810602,7;0;-7810602,7;"HABITAÇÃO E URBANIZAÇÃO";"Santa Catarina";"Sul";FALSE;FALSE
"226";"SC";"COMPANHIA CATARINENSE DE AGUAS E SANEAMENTO";"SANEAMENTO";"Não Dependente";12570380,98;119686013;"SIM";"SIM";"SIM";"38170";"Não";2503;245070731;3480889,91;0;0;0;NA;"SANEAMENTO";"Santa Catarina";"Sul";TRUE;TRUE
"227";"SC";"Companhia de Distritos Industriais de Santa Catarina. (Em Liquidação)";"OUTRO";"Dependente";1801574,89;-245284,29;"SIM";"SIM";"NÃO";"0";"Não";0;0;0;0;0;1653431,95;-1653431,95;"OUTROS";"Santa Catarina";"Sul";FALSE;FALSE
"228";"SC";"Companhia Integrada de Desenvolvimento Agrícola de Santa Catarina";"SERVIÇOS PÚBLICOS";"Dependente";6183072,37;-9425008,77;"SIM";"SIM";"NÃO";"48465.14";"Não";1049;1397747,3;182152219,21;0;182152219,21;0;-182152219,21;"DESENVOLVIMENTO";"Santa Catarina";"Sul";FALSE;FALSE
"229";"SC";"Empresa de Pesquisa Agropecuária e Extensão Rural de Santa Catarina";"PESQUISA";"Dependente";3645024,43;2422444,71;"SIM";"SIM";"NÃO";"27002.75";"Não";1763;3087559,04;290027958,76;0;324896612,77;0;-324896612,77;"PESQUISA E ASSISTÊNCIA TÉCNICA";"Santa Catarina";"Sul";FALSE;FALSE
"230";"SC";"IAZPE IMBITUBA ADMINISTRADORA DA ZONA DE PROCESSAMENTO DE EXPORTAÇÃO SA";"DESENVOLVIMENTO";"Dependente";651483,52;-107300,86;"SIM";"SIM";"NÃO";"868.52";"Não";0;0;23450,04;0;0;91384,8;-91384,8;"DESENVOLVIMENTO";"Santa Catarina";"Sul";FALSE;FALSE
"231";"SC";"Santa Catarina Participação e Investimentos S/A";"FINANCEIRO";"Não Dependente";-7187190914,6;-803119693,39;"SIM";"SIM";"SIM";"0";"Não";0;0;0;0;0;0;NA;"GESTÃO DE ATIVOS";"Santa Catarina";"Sul";TRUE;TRUE
"232";"SC";"SC PARTICIPAÇÕES PARCERIAS S/A";"DESENVOLVIMENTO";"Não Dependente";422274466,04;7220571,74;"SIM";"SIM";"SIM";"19428.14";"Não";42;0;6343930,48;0;0;0;NA;"GESTÃO DE ATIVOS";"Santa Catarina";"Sul";TRUE;TRUE
"233";"SP";"CETESB - COMPANHIA AMBIENTAL DO ESTADO DE SÃO PAULO";"SERVIÇOS PÚBLICOS";"Dependente";196439;-24553;"SIM";"SIM";"SIM";"20";"Sim";1896;757;412211;0;205716;0;-205716;"OUTROS";"São Paulo";"Sudeste";TRUE;FALSE
"234";"SP";"COMPANHIA DE DESENVOLVIMENTO AGRICOLA DE SAO PAULO - CODASP - EM LIQUIDACAO";"OUTRO";"Dependente";1218;-5230;"NÃO";"SIM";"NÃO";"22";"Não";80;NA;28506;0;23873;0;-23873;"OUTROS";"São Paulo";"Sudeste";FALSE;FALSE
"235";"SP";"COMPANHIA DE DESENVOLVIMENTO HABITACIONAL E URBANO DO ESTADO DE SÃO PAULO - CDHU";"OUTRO";"Não Dependente";10285796;283534;"SIM";"SIM";"SIM";"21";"Sim";549;1409177;112566;0;0;371152;-371152;"HABITAÇÃO E URBANIZAÇÃO";"São Paulo";"Sudeste";TRUE;FALSE
"236";"SP";"COMPANHIA DE PROCESSAMENTO DE DADOS DO ESTADO DE SÃO PAULO - PRODESP";"INFORMÁTICA";"Não Dependente";576390;69889;"SIM";"SIM";"SIM";"45";"Sim";1681;40935;376609;54837;0;0;54837;"INFORMÁTICA";"São Paulo";"Sudeste";TRUE;FALSE
"237";"SP";"COMPANHIA DE SANEAMENTO BÁSICO DO ESTADO DE SÃO PAULO - SABESP";"SANEAMENTO";"Não Dependente";21635783;3367517;"SIM";"SIM";"SIM";"33";"Sim";13945;5068020;2681940;398142;0;0;398142;"SANEAMENTO";"São Paulo";"Sudeste";TRUE;FALSE
"238";"SP";"COMPANHIA DO METROPOLITANO DE SÃO PAULO-METRÔ";"TRANSPORTES";"Não Dependente";33145278;-599416;"SIM";"SIM";"SIM";"31";"Sim";8284;1841775;1735949;0;0;1494420;-1494420;"TRANSPORTES";"São Paulo";"Sudeste";TRUE;FALSE
"239";"SP";"COMPANHIA DOCAS DE SÃO SEBASTIÃO";"OUTRO";"Dependente";242878;8077;"SIM";"SIM";"NÃO";"29";"Não";92;NA;15742;0;10575;2020;-12595;"PORTOS E HIDROVIAS";"São Paulo";"Sudeste";FALSE;FALSE
"240";"SP";"COMPANHIA PAULISTA DE OBRAS E SERVIÇOS - CPOS";"OUTRO";"Não Dependente";67666;309;"SIM";"SIM";"NÃO";"24";"Não";187;2346;34154;0;0;0;NA;"HABITAÇÃO E URBANIZAÇÃO";"São Paulo";"Sudeste";FALSE;TRUE
"241";"SP";"COMPANHIA PAULISTA DE PARCERIAS - CPP";"OUTRO";"Não Dependente";1860725;130348;"SIM";"SIM";"NÃO";"30";"Sim";5;NA;3130;26664;0;0;26664;"GESTÃO DE ATIVOS";"São Paulo";"Sudeste";FALSE;FALSE
"242";"SP";"COMPANHIA PAULISTA DE SECURITIZAÇÃO";"FINANCEIRO";"Não Dependente";421072;49539;"SIM";"SIM";"SIM";"22";"Não";2;NA;2773;11606;0;0;11606;"GESTÃO DE ATIVOS";"São Paulo";"Sudeste";TRUE;FALSE
"243";"SP";"COMPANHIA PAULISTA DE TRENS METROPOLITANOS - CPTM";"TRANSPORTES";"Dependente";9785350;-237287;"SIM";"SIM";"SIM";"23";"Sim";7872;314133;1140496;0;929813;-1748864;819051;"TRANSPORTES";"São Paulo";"Sudeste";TRUE;FALSE
"244";"SP";"COSESP - COMPANHIA DE SEGUROS DO ESTADO DE SÃO PAULO";"OUTRO";"Não Dependente";141690;16877;"SIM";"SIM";"NÃO";"22";"Sim";38;169;9200;37109;0;0;37109;"GESTÃO DE ATIVOS";"São Paulo";"Sudeste";FALSE;FALSE
"245";"SP";"DERSA - DESENVOLVIMENTO RODOVIÁRIO S/A";"TRANSPORTES";"Não Dependente";1333333;-125711;"SIM";"SIM";"NÃO";"23";"Não";471;NA;86345;0;0;-72174;72174;"TRANSPORTES";"São Paulo";"Sudeste";FALSE;FALSE
"246";"SP";"DESENVOLVE SP - AGÊNCIA DE FOMENTO DO ESTADO DE SÃO PAULO S.A.";"OUTRO";"Não Dependente";1122419;47560;"SIM";"SIM";"SIM";"28";"Sim";147;104312;39444;11295;0;0;11295;"FINANCEIRO";"São Paulo";"Sudeste";TRUE;FALSE
"247";"SP";"EMAE - EMPRESA METROPOLITANA DE ÁGUAS E ENERGIA - AÇÕES ORDINÁRIAS";"ENERGIA";"Não Dependente";990225;92636;"SIM";"SIM";"SIM";"34";"Sim";457;26692;105293;12727;0;0;12727;"ENERGIA";"São Paulo";"Sudeste";TRUE;FALSE
"248";"SP";"EMAE - EMPRESA METROPOLITANA DE ÁGUAS E ENERGIA - AÇÕES PREFERENCIAIS";NA;"Não Informado";NA;NA;NA;NA;NA;NA;NA;NA;NA;NA;0;0;0;NA;"ENERGIA";"São Paulo";"Sudeste";FALSE;TRUE
"249";"SP";"EMPRESA METROPOLITANA DE TRANSPORTES URBANOS DE SÃO PAULO S/A - EMTU-SP";"TRANSPORTES";"Não Dependente";2015989;-56040;"SIM";"SIM";"SIM";"24";"Sim";501;NA;92212;0;0;99202;-99202;"TRANSPORTES";"São Paulo";"Sudeste";TRUE;FALSE
"250";"SP";"EMPRESA PAULISTA DE PLANEJAMENTO METROPOLITANO S/A- EMPLASA - EM LIQUIDAÇÃO";"OUTRO";"Dependente";28811;-5584;"NÃO";"SIM";"NÃO";"21";"Não";22;2234;21386;0;46088;637;-46725;"TRANSPORTES";"São Paulo";"Sudeste";FALSE;FALSE
"251";"SP";"IMPRENSA OFICIAL DO ESTADO S.A - IMESP";"COMUNICAÇÕES";"Não Dependente";200189;44942;"SIM";"SIM";"SIM";"17";"Sim";728;7130;136638;141202;0;0;141202;"COMUNICAÇÃO";"São Paulo";"Sudeste";TRUE;FALSE
"252";"SP";"INSTITUTO DE PESQUISAS TECNOLÓGICAS DO ESTADO DE SÃO PAULO S/A - IPT";"PESQUISA";"Dependente";114342;1170;"SIM";"SIM";"SIM";"17";"Não";688;1601;119925;0;84622;1601;-86223;"PESQUISA E ASSISTÊNCIA TÉCNICA";"São Paulo";"Sudeste";TRUE;FALSE
"253";"SE";"BANCO DO ESTADO DE SERGIPE";"FINANCEIRO";"Não Dependente";433857136;83614519;"SIM";"SIM";"SIM";"16667";"Sim";1028;15513100;174909535;10224355,57;0;0;10224355,57;"FINANCEIRO";"Sergipe";"Nordeste";TRUE;FALSE
"254";"SE";"CIA ESTADUAL DE HABITAÇÃO E OBRAS PÚBLICAS";"OUTRO";"Dependente";105486433;-2478471;"SIM";"SIM";"NÃO";NA;"Não";217;NA;32999;0;0;0;NA;"HABITAÇÃO E URBANIZAÇÃO";"Sergipe";"Nordeste";FALSE;TRUE
"255";"SE";"COMPANHIA DE DESENVOLVIMENTO DE RECURSOS HÍDRICOS E IRRIGAÇÃO DE SERGIPE";"ABASTECIMENTO";"Dependente";-8182141,97;-5763160,84;"SIM";"SIM";"NÃO";"14248.89";"Não";299;NA;43124664,71;0;0;0;NA;"SANEAMENTO";"Sergipe";"Nordeste";FALSE;TRUE
"256";"SE";"COMPANHIA DE DESENVOLVIMENTO ECONÔMICO DE SERGIPE";"OUTRO";"Dependente";213019890;8513258;"SIM";"SIM";"NÃO";"8100";"Não";120;9922306;14908554;0;0;0;NA;"DESENVOLVIMENTO";"Sergipe";"Nordeste";FALSE;TRUE
"257";"SE";"COMPANHIA DE SANEAMENTO DE SERGIPE";"SANEAMENTO";"Não Dependente";1498077334;770409;"SIM";"SIM";"SIM";NA;"Não";1697;173630862;368173461;0;0;115764315;-115764315;"SANEAMENTO";"Sergipe";"Nordeste";TRUE;FALSE
"258";"SE";"EMPRESA DE DESENVOLVIMENTO AGROPECUARIO DE SERGIPE";"ASSIS. TÉCNICA";"Dependente";-15642280,17;-5780820,84;"SIM";"SIM";"NÃO";"19517.72";"Não";322;161905,92;57248639,39;0;0;0;NA;"PESQUISA E ASSISTÊNCIA TÉCNICA";"Sergipe";"Nordeste";FALSE;TRUE
"259";"SE";"EMPRESA DE DESENVOLVIMENTO SUSTENTÁVEL DO ESTADO DE SERGIPE";"OUTRO";"Dependente";-850130,81;371890,89;"SIM";"SIM";"NÃO";"23895.52";"Não";60;NA;7757579,88;0;0;0;NA;"DESENVOLVIMENTO";"Sergipe";"Nordeste";FALSE;TRUE
"260";"SE";"EMPRESA SERGIPANA DE TECNOLOGIA DA INFORMAÇÃO";"INFORMÁTICA";"Dependente";-6710608,18;666111,9;"SIM";"SIM";"NÃO";"14380.67";"Não";102;NA;8189937,44;0;0;0;NA;"INFORMÁTICA";"Sergipe";"Nordeste";FALSE;TRUE
"261";"SE";"EMPRESA SERGIPANA DE TURISMO S/A";"DESENVOLVIMENTO";"Dependente";12566333,31;213651,53;"SIM";"SIM";"NÃO";NA;"Não";41;NA;3279526,9;0;0;0;NA;"TURISMO";"Sergipe";"Nordeste";FALSE;TRUE
"262";"SE";"SERGIPE GÁS S/A - SERGAS";"DISTRIBUIÇÃO DE GÁS";"Não Dependente";52700591,12;1055857,59;"SIM";"SIM";"NÃO";"39544";"Sim";67;6142077,95;13303979,37;170000;0;0;170000;"DISTRIBUIÇÃO DE GÁS";"Sergipe";"Nordeste";FALSE;FALSE
"263";"SE";"SERVIÇOS GRAFICOS DE SERGIPE";"COMUNICAÇÕES";"Não Dependente";4946385,46;-1131258,13;"SIM";"SIM";"NÃO";"10924.26";"Não";57;65674,3;4431490,45;0;0;0;NA;"COMUNICAÇÃO";"Sergipe";"Nordeste";FALSE;TRUE
