{"type":"Topology","objects":{"estados":{"type":"GeometryCollection","geometries":[{"type":"Polygon","arcs":[[0,1,2,3,4]],"properties":{"code_state":11,"Estado":"RO","name_state":"Rondônia","code_region":1,"name_region":"Norte","ABASTECIMENTO":0,"COMUNICAO":0,"DESENVOLVIMENTO":0,"DISTRIBUIO":1,"ENERGIA":0,"FINANCEIRO":0,"GESTO":0,"HABITAO":0,"INFORMTICA":0,"MINERAO":1,"OUTROS":0,"PESQUISA":0,"PORTOS":1,"SADE":0,"SANEAMENTO":1,"TRANSPORTES":0,"TURISMO":0}},{"type":"Polygon","arcs":[[5]],"properties":{"code_state":12,"Estado":"AC","name_state":"Acre","code_region":1,"name_region":"Norte","ABASTECIMENTO":1,"COMUNICAO":0,"DESENVOLVIMENTO":1,"DISTRIBUIO":0,"ENERGIA":0,"FINANCEIRO":1,"GESTO":0,"HABITAO":0,"INFORMTICA":1,"MINERAO":0,"OUTROS":1,"PESQUISA":0,"PORTOS":0,"SADE":0,"SANEAMENTO":1,"TRANSPORTES":0,"TURISMO":0}},{"type":"Polygon","arcs":[[6,7,-1,8,9,-3,10]],"properties":{"code_state":13,"Estado":"AM","name_state":"Amazonas","code_region":1,"name_region":"Norte","ABASTECIMENTO":0,"COMUNICAO":0,"DESENVOLVIMENTO":1,"DISTRIBUIO":1,"ENERGIA":0,"FINANCEIRO":1,"GESTO":0,"HABITAO":0,"INFORMTICA":1,"MINERAO":0,"OUTROS":0,"PESQUISA":0,"PORTOS":0,"SADE":0,"SANEAMENTO":1,"TRANSPORTES":0,"TURISMO":1}},{"type":"Polygon","arcs":[[11]],"properties":{"code_state":14,"Estado":"RR","name_state":"Roraima","code_region":1,"name_region":"Norte","ABASTECIMENTO":0,"COMUNICAO":0,"DESENVOLVIMENTO":1,"DISTRIBUIO":0,"ENERGIA":1,"FINANCEIRO":1,"GESTO":0,"HABITAO":0,"INFORMTICA":0,"MINERAO":0,"OUTROS":0,"PESQUISA":0,"PORTOS":0,"SADE":0,"SANEAMENTO":1,"TRANSPORTES":0,"TURISMO":0}},{"type":"Polygon","arcs":[[12,13,14,15,16,17,18,19,-7,20]],"properties":{"code_state":15,"Estado":"PA","name_state":"Pará","code_region":1,"name_region":"Norte","ABASTECIMENTO":1,"COMUNICAO":0,"DESENVOLVIMENTO":1,"DISTRIBUIO":1,"ENERGIA":0,"FINANCEIRO":1,"GESTO":0,"HABITAO":1,"INFORMTICA":1,"MINERAO":0,"OUTROS":0,"PESQUISA":1,"PORTOS":1,"SADE":0,"SANEAMENTO":1,"TRANSPORTES":0,"TURISMO":0}},{"type":"Polygon","arcs":[[-18,21,-16,22,23,-13,24]],"properties":{"code_state":16,"Estado":"AP","name_state":"Amapá","code_region":1,"name_region":"Norte","ABASTECIMENTO":0,"COMUNICAO":0,"DESENVOLVIMENTO":0,"DISTRIBUIO":0,"ENERGIA":0,"FINANCEIRO":0,"GESTO":0,"HABITAO":0,"INFORMTICA":0,"MINERAO":0,"OUTROS":0,"PESQUISA":0,"PORTOS":0,"SADE":0,"SANEAMENTO":0,"TRANSPORTES":0,"TURISMO":0}},{"type":"Polygon","arcs":[[25,26,27,28,29,30]],"properties":{"code_state":17,"Estado":"TO","name_state":"Tocantins","code_region":1,"name_region":"Norte","ABASTECIMENTO":0,"COMUNICAO":0,"DESENVOLVIMENTO":0,"DISTRIBUIO":0,"ENERGIA":0,"FINANCEIRO":1,"GESTO":1,"HABITAO":0,"INFORMTICA":0,"MINERAO":0,"OUTROS":0,"PESQUISA":0,"PORTOS":0,"SADE":0,"SANEAMENTO":0,"TRANSPORTES":0,"TURISMO":0}},{"type":"Polygon","arcs":[[31]],"properties":{"code_state":21,"Estado":"MA","name_state":"Maranhão","code_region":2,"name_region":"Nordeste","ABASTECIMENTO":0,"COMUNICAO":0,"DESENVOLVIMENTO":1,"DISTRIBUIO":1,"ENERGIA":0,"FINANCEIRO":0,"GESTO":0,"HABITAO":0,"INFORMTICA":0,"MINERAO":0,"OUTROS":0,"PESQUISA":0,"PORTOS":1,"SADE":0,"SANEAMENTO":1,"TRANSPORTES":0,"TURISMO":0}},{"type":"Polygon","arcs":[[32]],"properties":{"code_state":22,"Estado":"PI","name_state":"Piauí","code_region":2,"name_region":"Nordeste","ABASTECIMENTO":0,"COMUNICAO":0,"DESENVOLVIMENTO":1,"DISTRIBUIO":1,"ENERGIA":0,"FINANCEIRO":1,"GESTO":0,"HABITAO":0,"INFORMTICA":0,"MINERAO":0,"OUTROS":1,"PESQUISA":0,"PORTOS":1,"SADE":0,"SANEAMENTO":1,"TRANSPORTES":1,"TURISMO":0}},{"type":"Polygon","arcs":[[33,34]],"properties":{"code_state":23,"Estado":"CE","name_state":"Ceará","code_region":2,"name_region":"Nordeste","ABASTECIMENTO":1,"COMUNICAO":0,"DESENVOLVIMENTO":1,"DISTRIBUIO":1,"ENERGIA":0,"FINANCEIRO":0,"GESTO":0,"HABITAO":1,"INFORMTICA":1,"MINERAO":0,"OUTROS":0,"PESQUISA":1,"PORTOS":1,"SADE":0,"SANEAMENTO":1,"TRANSPORTES":1,"TURISMO":0}},{"type":"Polygon","arcs":[[35,36,37,38]],"properties":{"code_state":24,"Estado":"RN","name_state":"Rio Grande Do Norte","code_region":2,"name_region":"Nordeste","ABASTECIMENTO":1,"COMUNICAO":0,"DESENVOLVIMENTO":0,"DISTRIBUIO":1,"ENERGIA":0,"FINANCEIRO":1,"GESTO":1,"HABITAO":1,"INFORMTICA":1,"MINERAO":0,"OUTROS":0,"PESQUISA":1,"PORTOS":0,"SADE":0,"SANEAMENTO":1,"TRANSPORTES":0,"TURISMO":1}},{"type":"Polygon","arcs":[[-36,39,-38,40]],"properties":{"code_state":25,"Estado":"PB","name_state":"Paraíba","code_region":2,"name_region":"Nordeste","ABASTECIMENTO":0,"COMUNICAO":1,"DESENVOLVIMENTO":1,"DISTRIBUIO":1,"ENERGIA":0,"FINANCEIRO":0,"GESTO":0,"HABITAO":1,"INFORMTICA":1,"MINERAO":0,"OUTROS":0,"PESQUISA":1,"PORTOS":1,"SADE":1,"SANEAMENTO":1,"TRANSPORTES":0,"TURISMO":1}},{"type":"Polygon","arcs":[[41,42,43,44,-34,45]],"properties":{"code_state":26,"Estado":"PE","name_state":"Pernambuco","code_region":2,"name_region":"Nordeste","ABASTECIMENTO":0,"COMUNICAO":1,"DESENVOLVIMENTO":1,"DISTRIBUIO":1,"ENERGIA":0,"FINANCEIRO":1,"GESTO":1,"HABITAO":1,"INFORMTICA":0,"MINERAO":0,"OUTROS":0,"PESQUISA":1,"PORTOS":1,"SADE":1,"SANEAMENTO":1,"TRANSPORTES":1,"TURISMO":1}},{"type":"Polygon","arcs":[[46]],"properties":{"code_state":27,"Estado":"AL","name_state":"Alagoas","code_region":2,"name_region":"Nordeste","ABASTECIMENTO":0,"COMUNICAO":1,"DESENVOLVIMENTO":0,"DISTRIBUIO":1,"ENERGIA":0,"FINANCEIRO":1,"GESTO":1,"HABITAO":0,"INFORMTICA":0,"MINERAO":0,"OUTROS":1,"PESQUISA":1,"PORTOS":0,"SADE":1,"SANEAMENTO":1,"TRANSPORTES":0,"TURISMO":0}},{"type":"Polygon","arcs":[[47]],"properties":{"code_state":28,"Estado":"SE","name_state":"Sergipe","code_region":2,"name_region":"Nordeste","ABASTECIMENTO":0,"COMUNICAO":1,"DESENVOLVIMENTO":1,"DISTRIBUIO":1,"ENERGIA":0,"FINANCEIRO":1,"GESTO":0,"HABITAO":1,"INFORMTICA":1,"MINERAO":0,"OUTROS":0,"PESQUISA":1,"PORTOS":0,"SADE":0,"SANEAMENTO":1,"TRANSPORTES":0,"TURISMO":1}},{"type":"Polygon","arcs":[[-44,48,-42,49]],"properties":{"code_state":29,"Estado":"BA","name_state":"Bahia","code_region":2,"name_region":"Nordeste","ABASTECIMENTO":0,"COMUNICAO":1,"DESENVOLVIMENTO":1,"DISTRIBUIO":1,"ENERGIA":0,"FINANCEIRO":1,"GESTO":1,"HABITAO":1,"INFORMTICA":1,"MINERAO":0,"OUTROS":1,"PESQUISA":0,"PORTOS":0,"SADE":0,"SANEAMENTO":1,"TRANSPORTES":1,"TURISMO":0}},{"type":"Polygon","arcs":[[50]],"properties":{"code_state":31,"Estado":"MG","name_state":"Minas Gerais","code_region":3,"name_region":"Sudeste","ABASTECIMENTO":0,"COMUNICAO":1,"DESENVOLVIMENTO":1,"DISTRIBUIO":1,"ENERGIA":1,"FINANCEIRO":1,"GESTO":1,"HABITAO":1,"INFORMTICA":1,"MINERAO":0,"OUTROS":0,"PESQUISA":1,"PORTOS":0,"SADE":0,"SANEAMENTO":1,"TRANSPORTES":1,"TURISMO":0}},{"type":"Polygon","arcs":[[51]],"properties":{"code_state":32,"Estado":"ES","name_state":"Espirito Santo","code_region":3,"name_region":"Sudeste","ABASTECIMENTO":1,"COMUNICAO":0,"DESENVOLVIMENTO":0,"DISTRIBUIO":0,"ENERGIA":0,"FINANCEIRO":1,"GESTO":0,"HABITAO":1,"INFORMTICA":0,"MINERAO":0,"OUTROS":0,"PESQUISA":0,"PORTOS":0,"SADE":0,"SANEAMENTO":1,"TRANSPORTES":1,"TURISMO":0}},{"type":"MultiPolygon","arcs":[[[52]],[[53]]],"properties":{"code_state":33,"Estado":"RJ","name_state":"Rio De Janeiro","code_region":3,"name_region":"Sudeste","ABASTECIMENTO":1,"COMUNICAO":1,"DESENVOLVIMENTO":0,"DISTRIBUIO":0,"ENERGIA":0,"FINANCEIRO":1,"GESTO":0,"HABITAO":1,"INFORMTICA":0,"MINERAO":0,"OUTROS":0,"PESQUISA":1,"PORTOS":0,"SADE":0,"SANEAMENTO":1,"TRANSPORTES":1,"TURISMO":1}},{"type":"MultiPolygon","arcs":[[[54]],[[55]]],"properties":{"code_state":35,"Estado":"SP","name_state":"São Paulo","code_region":3,"name_region":"Sudeste","ABASTECIMENTO":0,"COMUNICAO":1,"DESENVOLVIMENTO":0,"DISTRIBUIO":0,"ENERGIA":1,"FINANCEIRO":1,"GESTO":1,"HABITAO":1,"INFORMTICA":1,"MINERAO":0,"OUTROS":1,"PESQUISA":1,"PORTOS":1,"SADE":0,"SANEAMENTO":1,"TRANSPORTES":1,"TURISMO":0}},{"type":"Polygon","arcs":[[56,57,58,59,60,61]],"properties":{"code_state":41,"Estado":"PR","name_state":"Paraná","code_region":4,"name_region":"Sul","ABASTECIMENTO":1,"COMUNICAO":0,"DESENVOLVIMENTO":0,"DISTRIBUIO":0,"ENERGIA":1,"FINANCEIRO":1,"GESTO":0,"HABITAO":1,"INFORMTICA":1,"MINERAO":0,"OUTROS":0,"PESQUISA":1,"PORTOS":1,"SADE":0,"SANEAMENTO":1,"TRANSPORTES":1,"TURISMO":0}},{"type":"Polygon","arcs":[[62,63,64,65,66,67,68,-61,69,-59,70,-57,71]],"properties":{"code_state":42,"Estado":"SC","name_state":"Santa Catarina","code_region":4,"name_region":"Sul","ABASTECIMENTO":1,"COMUNICAO":0,"DESENVOLVIMENTO":1,"DISTRIBUIO":0,"ENERGIA":1,"FINANCEIRO":1,"GESTO":1,"HABITAO":1,"INFORMTICA":1,"MINERAO":0,"OUTROS":1,"PESQUISA":1,"PORTOS":0,"SADE":0,"SANEAMENTO":1,"TRANSPORTES":0,"TURISMO":1}},{"type":"Polygon","arcs":[[-68,72,73,-65,74,-63,75],[76]],"properties":{"code_state":43,"Estado":"RS","name_state":"Rio Grande Do Sul","code_region":4,"name_region":"Sul","ABASTECIMENTO":1,"COMUNICAO":0,"DESENVOLVIMENTO":0,"DISTRIBUIO":1,"ENERGIA":1,"FINANCEIRO":1,"GESTO":0,"HABITAO":0,"INFORMTICA":1,"MINERAO":1,"OUTROS":0,"PESQUISA":0,"PORTOS":0,"SADE":0,"SANEAMENTO":1,"TRANSPORTES":1,"TURISMO":0}},{"type":"Polygon","arcs":[[77,78,79,80,81,82,83,84]],"properties":{"code_state":50,"Estado":"MS","name_state":"Mato Grosso Do Sul","code_region":5,"name_region":"Centro Oeste","ABASTECIMENTO":1,"COMUNICAO":0,"DESENVOLVIMENTO":0,"DISTRIBUIO":1,"ENERGIA":0,"FINANCEIRO":0,"GESTO":0,"HABITAO":0,"INFORMTICA":0,"MINERAO":0,"OUTROS":0,"PESQUISA":0,"PORTOS":0,"SADE":0,"SANEAMENTO":1,"TRANSPORTES":0,"TURISMO":0}},{"type":"Polygon","arcs":[[-84,85,86,87,88,-80,89,-78,90]],"properties":{"code_state":51,"Estado":"MT","name_state":"Mato Grosso","code_region":5,"name_region":"Centro Oeste","ABASTECIMENTO":1,"COMUNICAO":0,"DESENVOLVIMENTO":0,"DISTRIBUIO":1,"ENERGIA":0,"FINANCEIRO":1,"GESTO":1,"HABITAO":0,"INFORMTICA":1,"MINERAO":1,"OUTROS":0,"PESQUISA":1,"PORTOS":0,"SADE":0,"SANEAMENTO":1,"TRANSPORTES":0,"TURISMO":0}},{"type":"Polygon","arcs":[[-29,91,92,-26,93,94,-82,95,-88,96]],"properties":{"code_state":52,"Estado":"GO","name_state":"Goiás","code_region":5,"name_region":"Centro Oeste","ABASTECIMENTO":1,"COMUNICAO":0,"DESENVOLVIMENTO":1,"DISTRIBUIO":1,"ENERGIA":1,"FINANCEIRO":1,"GESTO":1,"HABITAO":1,"INFORMTICA":1,"MINERAO":1,"OUTROS":1,"PESQUISA":1,"PORTOS":0,"SADE":1,"SANEAMENTO":1,"TRANSPORTES":1,"TURISMO":0}},{"type":"Polygon","arcs":[[97]],"properties":{"code_state":53,"Estado":"DF","name_state":"Distrito Federal","code_region":5,"name_region":"Centro Oeste","ABASTECIMENTO":1,"COMUNICAO":0,"DESENVOLVIMENTO":1,"DISTRIBUIO":0,"ENERGIA":1,"FINANCEIRO":1,"GESTO":1,"HABITAO":1,"INFORMTICA":0,"MINERAO":0,"OUTROS":1,"PESQUISA":1,"PORTOS":0,"SADE":0,"SANEAMENTO":1,"TRANSPORTES":1,"TURISMO":0}}]}},"arcs":[[[-61.985221897106406,-8.878606299682533],[-61.71327416291905,-8.68785275095152]],[[-61.71327416291905,-8.68785275095152],[-61.52082769738028,-8.821585596371738],[-61.633347606309634,-9.27060714428471],[-61.47679554576733,-9.628724165199463],[-61.55025787338857,-10.986094651840489],[-59.976776585583636,-11.122388890656186],[-59.92063432048364,-11.398007642888697],[-60.11413839298202,-11.587493063868584],[-60.1087710102379,-11.83957932083187],[-59.77435285166971,-12.34095573950172],[-60.06794179463321,-12.613183494444774],[-60.384032848593776,-13.449229196293157],[-60.709307874737895,-13.693002769424217],[-61.014924398584895,-13.487536159921593],[-61.84109409094168,-13.54891386724987],[-62.17048493312819,-13.113922619585635],[-62.77909746462311,-13.009573507547543],[-63.15838438957087,-12.614135597318677],[-64.41621162729578,-12.441463220983383],[-64.50819360809977,-12.225288459831527],[-65.03202617497007,-11.99508026192747],[-65.08813923498778,-11.709379742422866],[-65.26063690925585,-11.70687325104586],[-65.36388436481369,-11.142012596839395],[-65.2505518694058,-10.985632104837476],[-65.42974733202466,-10.480948482732632],[-65.2888291372469,-10.219870803661237],[-65.36821054303913,-9.706719801045287],[-65.55802872515899,-9.844634918355451],[-65.77191052357837,-9.734295571831181],[-66.4262462764709,-9.899628504598098],[-66.81025311163296,-9.818045876103048],[-66.4088584191849,-9.406946622606078]],[[-66.4088584191849,-9.406946622606078],[-65.97030062394091,-9.413160124452308],[-65.79152196322367,-9.585644437344317],[-65.2466614300877,-9.25766355306371],[-65.09784998575786,-9.432515837526278],[-64.83932422842284,-8.994111393867758],[-64.14945220364528,-8.958937181797344]],[[-64.14945220364528,-8.958937181797344],[-63.94412252116106,-8.33118768512698],[-63.77350827706002,-8.320732753226249],[-63.620788950505684,-7.969294200616687]],[[-63.620788950505684,-7.969294200616687],[-63.32720817710296,-7.976720298820569],[-62.74397249528122,-8.045286065778006],[-61.985221897106406,-8.878606299682533]],[[-73.18252539408962,-7.33549646429577],[-72.58476562176061,-7.552004229791232],[-70.05497934945522,-7.84514914695298],[-68.64718643160569,-9.049416566019564],[-66.6259723281424,-9.932314640842787],[-67.70815497659147,-10.70804790148959],[-68.03282869175911,-10.655344648433617],[-68.5429713950401,-11.111355479042103],[-69.41762311098712,-10.92527834165176],[-70.62100662244812,-10.99964114312561],[-70.4957740227816,-9.42359668735932],[-71.21084503573438,-9.966390065728984],[-72.18045277293709,-9.999999996835989],[-72.35687486193497,-9.494133681890537],[-73.21189721433842,-9.41166945089281],[-72.93631284618422,-8.989488227808286],[-73.34144832856617,-8.6157367384266],[-73.77200530571099,-7.9019851499694465],[-73.68380988523134,-7.776054932926606],[-73.99044996899828,-7.535961001798242],[-73.96344982451932,-7.3472534319241145],[-73.69980922389085,-7.3039087174970625],[-73.80155832401047,-7.111824130315691],[-73.18252539408962,-7.33549646429577]],[[-58.16264412819378,-1.2296565353449052],[-58.01754288627858,-1.1061496814344571],[-57.96035141483765,-1.4015737849844048]],[[-57.96035141483765,-1.4015737849844048],[-57.16489812282698,-1.7208722247026376],[-56.6898513506066,-2.2089402544914503],[-56.098173196260504,-2.0269390200263855],[-56.46559482176671,-2.4231150809259216],[-58.47847118723671,-6.699613641274283],[-58.1369989871903,-7.356408124157861],[-58.38474079152051,-7.843989091553488],[-58.38800145299412,-8.774786433360774],[-61.58313478513449,-8.798689054518112],[-61.71327416291905,-8.68785275095152]],[[-61.985221897106406,-8.878606299682533],[-62.84505574263902,-7.986531251921228],[-63.620788950505684,-7.969294200616687]],[[-63.620788950505684,-7.969294200616687],[-63.7735082770601,-8.32073275322625],[-63.944122521160985,-8.331187685126979],[-64.14945220364528,-8.958937181797344]],[[-66.4088584191849,-9.406946622606078],[-66.8102531115952,-9.818045876076305],[-68.64718643192313,-9.049416566237078],[-70.05497934993971,-7.8451491472773585],[-72.58476562239869,-7.552004230616623],[-73.80155832478036,-7.111824130037772],[-73.64280579541817,-6.7621490423569774],[-73.13841613902274,-6.4979764174966945],[-73.2374686386464,-6.032191044490373],[-72.81457773359257,-5.109738433461094],[-71.88290153300511,-4.516178325726913],[-70.94320787130872,-4.386114944928576],[-70.6534993499291,-4.12719503239807],[-70.32603179063183,-4.146294352377149],[-70.19908638174347,-4.366416268218909],[-69.96380742871223,-4.300646843296967],[-69.395709479895,-1.1326011805600906],[-69.61546858999401,-0.5063031083417268],[-70.05743321284069,-0.18677651217234412],[-70.04356553837111,0.5588281362529598],[-69.48147467287365,0.7356073840764523],[-69.1151589639009,0.6498419407164983],[-69.26535597397432,1.0643608578458807],[-69.84437663938772,1.0853793267583112],[-69.84254544063403,1.7207748504881744],[-68.15681266734177,1.7316352955311987],[-68.20867778881743,1.961584618002356],[-67.9412948352029,1.8307309210122704],[-67.41026150223887,2.2466305611967825],[-67.32608847052386,2.0297139057201714],[-67.09738157262483,1.7326009105596931],[-67.08816023905459,1.1668967076477899],[-66.85693312327662,1.230206253151748],[-66.31852012952936,0.7550421593056181],[-65.58555828011183,1.0089345814378334],[-65.54053139147172,0.6487899835689296],[-65.10308582944998,1.1566564100318124],[-64.7291394509886,1.2345897810014062],[-64.39746736781059,1.5268362385532837],[-64.3380221283503,1.3635234839378274],[-63.99552455049856,1.9798973715969477],[-63.141515100511356,2.1724464021532253],[-62.70602940561243,1.9397232051965638],[-62.80528232791977,1.5913447706456778],[-62.443584267484894,0.9682417708132294],[-62.53300861609378,0.5088083592946542],[-62.18837321415147,-0.33082061578680777],[-62.29087630758502,-0.6466587928037405],[-62.51023773770815,-0.758968532974489],[-61.896623907228296,-1.3953552570828895],[-61.47467755255265,-1.578967298888139],[-61.61912153735399,-1.3947976775625255],[-61.58523573404871,-0.9370196924214167],[-61.21689860385952,-0.5000783477987062],[-60.92078602096736,-0.5553624002258918],[-60.668010478765126,-0.8945179944107514],[-60.30967178163128,-0.7248011769132948],[-60.39995379221822,-0.5100834301503462],[-60.03796864455883,0.26354551734337167],[-58.89546481904727,0.26351027599016064],[-58.87206996390349,-0.3429914908587959],[-58.32328725226279,-1.1432942523846876],[-58.16264412819378,-1.2296565353449052]],[[-60.20050657607426,5.264343437750694],[-59.99022967588948,4.986560876482245],[-60.163286703005866,4.506282092982648],[-59.67411103115391,4.376007777008761],[-59.72550855160355,4.1821216598916555],[-59.51633414799503,3.944069784610603],[-59.87189787581187,3.5632150061825376],[-59.97078527155437,2.593520357106424],[-59.72245047707564,2.2768484730912024],[-59.69022250301659,1.756298583063468],[-58.886884394723346,1.2601932795094428],[-58.89546482024607,0.2635102751596287],[-60.03796864540332,0.2635455167659739],[-60.39995379274874,-0.5100834305161736],[-60.30272564530106,-0.7092428482724231],[-60.53106591032369,-0.8750763222460203],[-60.75272423671592,-0.8611840513022694],[-61.0874569305042,-0.5000854147403905],[-61.42884701011649,-0.6342426303087562],[-61.628849524022904,-1.3014677750345782],[-61.48273645247267,-1.5806331069120736],[-61.896623908139674,-1.3953552577073725],[-62.51023773815873,-0.758968533278601],[-62.29087630804624,-0.6466587931156002],[-62.18837321477577,-0.3308206159735955],[-62.53300861706169,0.5088083586533779],[-62.47162089023649,1.0862816337098988],[-62.805282332756086,1.5913456637321752],[-62.706029406656754,1.9397232045291808],[-63.359791173122986,2.1971015540063323],[-63.406845857860965,2.435939441474526],[-64.05607987253735,2.497680810474583],[-63.9938536220403,2.769904181964836],[-64.2355234493597,3.116572655109465],[-64.18580195543652,3.5596186593525814],[-64.82497362777868,4.244059419038872],[-64.16803004117202,4.127946818446808],[-63.96580507364662,3.8682290097367944],[-63.683024283479725,4.018505969667901],[-63.49746722508305,3.8398954771952707],[-63.42885614720116,3.9771201342307436],[-63.20774540812325,3.952396666187236],[-62.96024313304221,3.6076781253900365],[-62.74385143077453,3.673230249734532],[-62.74857459616684,4.034900237180618],[-62.43774064113728,4.182951960030299],[-61.930794005770096,4.103225711241663],[-61.32321097635892,4.534888667856836],[-60.99634685693152,4.517395971721465],[-60.58995724139027,4.931011994144176],[-60.72328792939137,5.219893635304522],[-60.20050657607426,5.264343437750694]],[[-54.74477907165233,1.7758007779577645],[-54.30930439177137,1.7410503294041122],[-54.08646610605812,1.4882968392217624],[-53.426520755107965,1.2427209711803466],[-53.41149420333798,0.9293441507427619]],[[-53.41149420333798,0.9293441507427619],[-53.106297954221645,0.683982017079721],[-53.17504776629577,0.3771071476196132]],[[-53.17504776629577,0.3771071476196132],[-52.932743659297714,-0.14230730087738425],[-52.525015518700066,-0.585339757747087]],[[-52.525015518700066,-0.585339757747087],[-52.42704012538412,-1.050794928501466]],[[-52.42704012538412,-1.050794928501466],[-52.0987871741501,-1.227925887799033],[-51.709539150538106,-1.0730764182529642],[-51.67920491217099,-0.7852519284429881]],[[-51.67920491217099,-0.7852519284429881],[-51.21636285923816,-0.11861278562353861]],[[-51.21636285923816,-0.11861278562353861],[-50.156972212673686,0.7051797388930547],[-50.06125223233829,0.3384312118259469],[-49.677634611365995,0.3659736228020618],[-49.39696454212388,0.01575323341346294],[-48.93071078686295,-0.225923371768999],[-48.40864777389172,-0.2590447211996175],[-48.47259995436096,-0.49906769672159945],[-47.99697856906019,-0.7047685406778998],[-47.89759813484761,-0.5528048641388797],[-47.84097940587298,-0.6802151388087017],[-47.70023466369756,-0.5371906981217848],[-47.62645688227759,-0.7014047528473818],[-47.316728833578715,-0.588865079018639],[-47.167706187935,-0.774167887068023],[-46.963171992674,-0.7078113737942422],[-46.952315053815134,-0.8640432119642739],[-46.857950163453026,-0.72206856582079],[-46.7463074664951,-0.9204058170697645],[-46.63811094913262,-0.7882683226405177],[-46.67533887942596,-0.9762281594726823],[-46.42699839706219,-0.8579102283925002],[-46.42874888017932,-1.0653920231205818],[-46.19627359213663,-0.8893119118474008],[-46.272023355570255,-1.1725362391493308],[-46.07293806103366,-1.0185638161408177],[-46.15206062425523,-1.6736022093128935],[-46.323979539968086,-1.7655442507952521]],[[-46.323979539968086,-1.7655442507952521],[-46.20862119065225,-1.8308855063972056],[-46.27590671392195,-2.1587098109752234],[-46.428212828617696,-2.239733516009034],[-46.42021248623649,-2.5301645647272406],[-46.670393636189,-2.7064095618393873],[-46.575809052542255,-2.841387697413505],[-47.08520511697019,-3.856640016082705],[-47.61194188131136,-4.557357881079221],[-48.75515073661239,-5.34916540832648],[-48.13815199405277,-5.6026901437188315],[-48.29763654307581,-5.7651234561079],[-48.23162928774537,-5.94613886022213],[-48.67091273359518,-6.669004440229815],[-49.20952811297221,-6.925420568974544],[-49.18528417562669,-7.235171786797065],[-49.38405196568486,-7.5434922248109055],[-49.148443419329524,-7.8073147982498154],[-49.215853994237314,-8.194211698597638],[-50.04097981504019,-9.294419239671427],[-50.22480638213248,-9.84115347777047],[-56.76110874815697,-9.404999403123558],[-57.195003383745906,-8.92751370826413],[-57.592938012698966,-8.756476980855124],[-57.64561086530245,-8.206291516945393],[-58.46288622368367,-6.837279422741956],[-56.46559482176671,-2.4231150809260225],[-56.097558037731226,-2.037133245421592],[-56.68985135060669,-2.2089402544914507],[-57.16489812282698,-1.7208722247025359],[-57.96035141483765,-1.4015737849844048]],[[-58.16264412819378,-1.2296565353449052],[-58.422800171353444,-1.0362794203821335],[-58.87458707699363,-0.3357887026601463],[-58.89549808205439,1.2287814235941668],[-58.49632722598751,1.268015325700375],[-58.50882971177114,1.4630000521714546],[-58.3224680529315,1.597072353452206],[-58.004325962315384,1.5030863654982434],[-57.99019125503246,1.6585014796933173],[-57.55332141729336,1.6925080257888934],[-57.3044061850642,1.9975416395229977],[-55.983288620210175,1.8356048542206782],[-55.90317842820464,2.041164454831999],[-56.13895217118897,2.2658332747362415],[-55.978313874803554,2.5274219394228084],[-55.38539872743715,2.4184543029742005],[-54.95430669626876,2.5836924234821974],[-54.74477907165233,1.7758007779577645]],[[-51.67920491217099,-0.7852519284429881],[-51.70042696372778,-1.0632108678264562],[-52.07045902137661,-1.2359841126747606],[-52.42704012538412,-1.050794928501466]],[[-52.525015518700066,-0.585339757747087],[-52.932743659297714,-0.14230730087729518],[-53.17504776629577,0.3771071476196132]],[[-53.17504776629577,0.3771071476196132],[-53.10629795422173,0.6839820170798226],[-53.41149420333798,0.9293441507427619]],[[-54.74477907165233,1.7758007779577645],[-54.876250180263746,2.4266944462945013],[-54.68491878300819,2.4468237613471318],[-54.43657915969301,2.2098866611878645],[-53.767219884467,2.3789233894710886],[-52.955908742752186,2.16368363308195],[-52.55484515976991,2.514972267376945],[-52.33326192670657,3.1722369749207067],[-51.64653669816167,4.044539425239241],[-51.54965085881924,4.4243410621708374],[-51.17970438769309,4.00008125510251],[-50.70253211672797,2.1382075772339837],[-50.446138718284566,2.199241292515256],[-50.23814165924738,1.8031826099121404],[-49.92175056538819,1.7039506387880838],[-49.891913373074175,1.2025168206310892],[-50.09391434100932,0.7020927027235908],[-50.397887147137226,0.6325752110033143],[-50.596307072926265,0.250365828643158],[-51.21636285923816,-0.11861278562353861]],[[-46.36427939855687,-12.991359793840477],[-46.41762470193036,-12.82345817973977],[-46.45464987029075,-12.971152610359319],[-47.42706631031497,-13.290660890767695],[-47.63422851081216,-13.103111728920535],[-47.67898604556701,-13.467712664188916],[-47.82121966748301,-13.312607658017056],[-48.16540425992598,-13.305788895317475],[-48.146654348613694,-13.15201119102213],[-48.44171277090835,-13.292367397922996],[-48.507938059749534,-13.127998269369689],[-48.586410646000985,-13.317613951044795]],[[-48.586410646000985,-13.317613951044795],[-48.60234145764577,-13.059170730289406],[-48.87008117054623,-12.803478587111284],[-48.975629551941395,-12.957194013109639]],[[-48.975629551941395,-12.957194013109639],[-49.1190827273712,-12.790361754920092],[-49.237413606064415,-12.884074543897226],[-49.369529269768165,-13.27461945172701]],[[-49.369529269768165,-13.27461945172701],[-50.292651588626015,-12.839916454479068]],[[-50.292651588626015,-12.839916454479068],[-50.144867979990316,-12.395210303929467],[-50.51106649860812,-12.860767999844356],[-50.706488785845195,-12.6097010060183],[-50.60289774990936,-10.658233980880203]],[[-50.60289774990936,-10.658233980880203],[-50.04097981504019,-9.294419239671404],[-49.27624391487571,-8.36368383669609],[-49.14844341932952,-7.807314798249763],[-49.38405196568485,-7.543492224810867],[-49.185284175626684,-7.235171786797116],[-49.20952811297219,-6.925420568974609],[-48.38267926493572,-6.379607884818907],[-48.293511558429785,-5.751195430332746],[-48.13224910927524,-5.618130116544449],[-48.384742538305815,-5.394206788003291],[-48.756764690664916,-5.352884968214297],[-48.3587821730257,-5.170084717906753],[-47.92810406669472,-5.241235520559477],[-47.485066739517535,-5.557450834098],[-47.37723577508379,-6.266768312322383],[-47.52995148839199,-6.980105403467683],[-47.750405999488315,-7.183463765345429],[-47.48832196006318,-7.31182036238042],[-47.59029473534119,-7.4408855946280354],[-47.0435029045398,-8.053588791042511],[-46.61963337319645,-7.896638378109474],[-46.47696275863032,-8.012216106520738],[-46.514224060090356,-8.283637719229876],[-46.80683498107221,-8.398970712554606],[-47.07055164009712,-9.061954214220798],[-46.560975945425014,-9.484032968771139],[-46.6474199421811,-9.730350401433272],[-46.367889530423206,-10.168814146407032],[-45.699958707028074,-10.186009751871184],[-46.617096757425074,-11.289450135663],[-46.479313566829525,-11.516390566450154],[-46.08667532808137,-11.622136742296545],[-46.314942362873765,-11.630735643206236],[-46.37328379182673,-11.872305806325766],[-46.17126044844768,-11.900996942656326],[-46.397865464630314,-12.040340195372156],[-46.35239555216797,-12.337403385372856],[-46.15388550371396,-12.483354955028394],[-46.305223967431516,-12.948869699019022],[-46.114274580119805,-12.917905523267807],[-46.36427939855687,-12.991359793840477]],[[-46.323979539968086,-1.7655442507952521],[-46.15206062425523,-1.6736022093128806],[-46.145924472619896,-1.227134819125592],[-45.98402938626797,-1.0451217037114144],[-45.9484787335354,-1.23862643369219],[-45.84073319904228,-1.0454847309094035],[-45.80117449651189,-1.3444328547704167],[-45.67838978013814,-1.1406822980193683],[-45.72571842638878,-1.4173594648100012],[-45.410156661907926,-1.2896366357698104],[-45.443997892023006,-1.5433222822698485],[-45.317503278156394,-1.3180934147765504],[-45.35280828268027,-1.7366115522041798],[-45.10709571312059,-1.4209496690517378],[-44.8149562395261,-1.4192453582783022],[-44.90115682640256,-1.6115447585246263],[-44.6427469725255,-1.6242560172580984],[-44.846075618671755,-1.8287005352584527],[-44.593618270266596,-1.7441242758943363],[-44.32867693239029,-2.5000778540501694],[-44.022842301544514,-2.398249006217981],[-44.11881336400878,-2.4728764141363135],[-43.9838182218682,-2.575567139780064],[-43.61054071466465,-2.2195843598294323],[-42.48098150158465,-2.712378172740729],[-41.82188734929218,-2.7199410412600464],[-41.79588438095231,-2.965570460588127],[-42.20437465025481,-3.4357668524176916],[-42.49836030852228,-3.447732431527763],[-42.985418478022275,-4.2207140910730825],[-42.79794614839378,-5.183216672930692],[-43.099144630832676,-5.6302818766035925],[-43.0750020393244,-6.054707604535125],[-42.829332890759176,-6.337421360548299],[-42.91977511319382,-6.670309361884661],[-43.42003813471437,-6.843834108066179],[-43.71499008160056,-6.698733290265971],[-44.033393275645594,-6.760404076426472],[-44.687978013214014,-7.394532644918963],[-45.45854642335021,-7.672376416841638],[-45.99429483750645,-8.9268653363529],[-45.783143773531165,-9.479776175837578],[-46.00297130829619,-10.261764703102102],[-46.367889530423234,-10.168814146407044],[-46.64741994218112,-9.73035040143331],[-46.56097594542503,-9.48403296877115],[-47.070551640097065,-9.061954214220734],[-46.806834981072235,-8.398970712554545],[-46.51422406009038,-8.283637719229901],[-46.49030918383019,-7.983242372447461],[-46.66056475048874,-7.900561682016626],[-47.04350290453982,-8.05358879104252],[-47.59029473534122,-7.440885594627985],[-47.499786361994715,-7.293858349992609],[-47.74982577027229,-7.195261748517855],[-47.52995148839201,-6.980105403467631],[-47.37723577508382,-6.26676831232241],[-47.50012045906277,-5.525604845473704],[-48.36390981528708,-5.168380515276692],[-48.7551507366124,-5.349165408326469],[-47.61194188131137,-4.557357881079222],[-47.085205116970194,-3.856640016082694],[-46.575809052542276,-2.8413876974134795],[-46.670393636189,-2.706409561839374],[-46.4202124862365,-2.530164564727228],[-46.4282128286177,-2.2397335160090215],[-46.27590671392196,-2.158709810975211],[-46.20862119065227,-1.8308855063972056],[-46.323979539968086,-1.7655442507952521]],[[-41.74604645405293,-2.803497202251231],[-41.24906466887359,-3.026528638443926],[-41.42351800882945,-3.3680065221340487],[-41.256726864921724,-4.03484861387336],[-41.09088560196681,-4.170331832653581],[-41.24957382655823,-4.869690197088905],[-40.92560736989178,-5.176853369198982],[-40.73146557768692,-6.6569680253025245],[-40.37050976229861,-6.803070420926913],[-40.548463712997275,-7.392691466461744],[-40.71514102900776,-7.48141465151807],[-40.538124011468796,-7.856937305018685],[-40.58969842190244,-8.138808338846133],[-41.837965769235495,-9.24227204380862],[-42.316076568490274,-9.31661233643395],[-42.76995719498422,-9.61918211484132],[-43.48545822665408,-9.265286075424429],[-43.8504805847494,-9.549696307714255],[-43.66213140673455,-10.009544197356139],[-44.1313183870672,-10.63488541688556],[-44.58490437161848,-10.629350886343433],[-44.93121794509256,-10.928756349550529],[-45.24805188537306,-10.821967435885332],[-45.583889347518664,-10.116991642565456],[-45.95607353042984,-10.221077474166755],[-45.7831437735312,-9.479776175837593],[-45.9942948375065,-8.926865336352915],[-45.482776051289825,-7.716938311053718],[-44.68797801321398,-7.394532644918963],[-44.05337072050118,-6.768308814277711],[-43.714990081600604,-6.698733290265995],[-43.42003813471442,-6.843834108066179],[-42.91977511319377,-6.670309361884674],[-42.82933289075915,-6.337421360548221],[-43.07500203932437,-6.054707604535124],[-43.099144630832726,-5.6302818766035925],[-42.797946148393734,-5.183216672930692],[-42.98541847802234,-4.220714091073083],[-42.50297409345749,-3.4528749168667483],[-42.20437465025477,-3.4357668524177054],[-41.82427365612677,-3.0244953245833024],[-41.849045633970356,-2.7735159176506516],[-41.74604645405293,-2.803497202251231]],[[-39.70618883925291,-7.33776120027432],[-40.52372321115997,-7.318450482901344]],[[-40.52372321115997,-7.318450482901344],[-40.370509762298475,-6.803070420926991],[-40.79056136675065,-6.518701248027843],[-40.92560736989181,-5.176853369198983],[-41.24957382655819,-4.869690197088905],[-41.167030863065435,-4.467357759227464],[-41.112869312648385,-4.041741477831153],[-41.25672686492167,-4.034848613873361],[-41.423518008829504,-3.368006522134023],[-41.25665146103996,-3.088014930969616],[-41.32268130980866,-2.9213195742230473],[-40.497820497204266,-2.784230650307065],[-39.96367005290118,-2.8501511802315793],[-39.25252620996868,-3.2221103686232477],[-38.46030012000003,-3.705064020121863],[-37.608678426021754,-4.614689692525168],[-37.29355784114636,-4.732782506882779],[-37.25329112484682,-4.831555507935944],[-37.640338381182474,-4.9264046066549785],[-38.163779769086666,-5.945443410919498],[-38.57954566294506,-6.279626404514179],[-38.76510730920141,-6.993225381155261],[-38.53458685327719,-7.293792960334479],[-38.962859470252276,-7.844816397812178],[-39.70618883925291,-7.33776120027432]],[[-35.9776472904922,-6.4889057895887055],[-36.394561407769594,-6.293974776283409],[-36.506937805972896,-6.813005377837889],[-36.71855388162962,-6.982734812932009],[-36.835029624372105,-6.731070935579469],[-37.22323783810206,-6.825389574976378],[-37.484699542242204,-6.710037374181836],[-37.156922970028056,-6.152488230357974]],[[-37.156922970028056,-6.152488230357974],[-37.231860240619554,-6.027594928060725],[-37.742373876484834,-6.188975421932775]],[[-37.742373876484834,-6.188975421932775],[-38.117057390560795,-6.522668524809364]],[[-38.117057390560795,-6.522668524809364],[-38.577075353515724,-6.3474275371041315],[-38.124937346230716,-5.887612097580484],[-37.64033838118253,-4.926404606654902],[-37.25329112484679,-4.831555507935841],[-36.69152345522675,-5.093283617825164],[-35.48910624414651,-5.15836152983438],[-34.96853802031068,-6.487260755178711],[-35.9776472904922,-6.4889057895887055]],[[-35.9776472904922,-6.4889057895887055],[-34.97102699136207,-6.485396872075683],[-34.82589031024558,-7.5496480199206655],[-35.26439349156774,-7.379908576428633],[-35.53281195593239,-7.654817570805537],[-36.424047567728074,-7.815778199522514],[-36.99115628431939,-8.3029550511595],[-37.19267558842732,-7.960598181334941],[-37.3573684632507,-7.974955982942934],[-36.984225594267485,-7.482261692658878],[-37.23417876352237,-7.273886873912858],[-38.07706955902313,-7.830579646736112],[-38.28570743199067,-7.830922381049141],[-38.3574958753504,-7.677161912549078],[-38.59362791013088,-7.754349227186556],[-38.718299292064316,-7.609355541868822],[-38.53483997535308,-7.290458552903253],[-38.76560343163721,-6.949465482554991],[-38.60073987968929,-6.387960981411403],[-38.117057390560795,-6.522668524809364]],[[-37.742373876484834,-6.188975421932775],[-37.22268722247751,-6.042148094104656],[-37.156922970028056,-6.152488230357974]],[[-39.89295772236606,-8.828793992630345],[-39.958034748306126,-9.048591559522638],[-40.25579097586015,-9.063223433438766],[-40.33886553793593,-9.359891762317618]],[[-40.33886553793593,-9.359891762317618],[-40.623165671732316,-9.482897444044141],[-40.77675054284872,-9.454451428276984]],[[-40.77675054284872,-9.454451428276984],[-40.66739566632167,-9.159059199558936]],[[-40.66739566632167,-9.159059199558936],[-40.919237104303186,-8.837177042457107],[-41.35833618433366,-8.707620178465564],[-40.58969842190238,-8.138808338846117],[-40.53812401146884,-7.856937305018685],[-40.71553648406194,-7.484437275949522],[-40.52372321115997,-7.318450482901344]],[[-39.70618883925291,-7.33776120027432],[-39.091297787808436,-7.858182471994549],[-38.71511285768739,-7.621919637626155],[-38.07706955902308,-7.830579646736112],[-37.23361241146348,-7.274396521811165],[-36.98422559426753,-7.48226169265886],[-37.357368463250666,-7.974955982942934],[-37.192675588427264,-7.960598181334925],[-36.99115628431934,-8.3029550511595],[-36.42404756772812,-7.815778199522492],[-35.53281195593243,-7.654817570805537],[-35.264393491567695,-7.379908576428621],[-34.83587179659917,-7.545728386766211],[-34.823379,-7.944788000258631],[-35.15252650115687,-8.91383716943505],[-35.89620028112241,-8.854267857511031],[-36.567469122167125,-9.332134825008767],[-36.87125941932718,-9.268084432603372],[-36.94648579782811,-9.383022479981278],[-37.76160395354572,-8.856227026560067],[-38.23758980447475,-9.329794347575936],[-38.48080982457667,-8.849326122220493],[-38.65372669169797,-8.983900039762386],[-39.38636563696916,-8.533491103485485],[-39.89295772236606,-8.828793992630345]],[[-36.972624628144295,-9.987894838197045],[-38.237588935176234,-9.329793437771473],[-37.761603953545695,-8.856227026560104],[-36.94648761658442,-9.38302256404172],[-36.353606056367894,-9.220122781799827],[-36.06393863613256,-8.915337515418216],[-35.46753162562612,-8.817435648807828],[-35.151950451460465,-8.916386270718558],[-36.3915256934044,-10.501185805100851],[-36.972624628144295,-9.987894838197045]],[[-36.972624628144295,-9.987894838197045],[-36.3938803026549,-10.49892141062388],[-36.85544173819923,-10.744760747656182],[-37.51989626483448,-11.54884406482814],[-37.9779268661056,-11.393554867605957],[-38.23645856375382,-10.881634875536417],[-38.19410664154385,-10.708670741790822],[-37.813932436113056,-10.69104842383588],[-37.859119400746316,-10.426470892304575],[-37.73487562296328,-10.332807018115977],[-37.99765569140587,-9.916713322372958],[-37.992445783920886,-9.525106182301455],[-36.972624628144295,-9.987894838197045]],[[-40.77675054284872,-9.454451428276984],[-40.62067685484783,-9.482525464661206],[-40.33886553793593,-9.359891762317618]],[[-39.89295772236606,-8.828793992630345],[-39.364456411366874,-8.537849553700836],[-38.657597119999906,-8.982477733291228],[-38.541139111999804,-8.823486776286352],[-38.484042769999945,-9.001021726291924],[-38.29640248799997,-9.022851443292598],[-37.7348756229633,-10.332807018116029],[-37.859119400746266,-10.42647089230463],[-37.81393243599993,-10.691048424344327],[-38.21058382399993,-10.717076124345187],[-38.227252058036235,-10.915218800936808],[-37.811883923555186,-11.516348235719777],[-37.34114665369592,-11.442336474433292],[-38.04730453599996,-12.635471662806474],[-38.95479345487374,-13.244513079861028],[-38.88740973995411,-13.645281796750302],[-39.071510091999954,-14.634795488923631],[-38.85638813599996,-15.859375298993251],[-39.21253271899996,-17.163695220065282],[-39.136184986999986,-17.68901211509363],[-39.67015857531839,-18.348560261330555],[-40.222350608975425,-17.98041738827433],[-40.220796648832724,-17.73724743288902],[-40.62347511436943,-17.405980701660603],[-40.49120552350675,-16.884490036412984],[-40.28163705102044,-16.901183644133884],[-40.28349334046464,-16.587447848573614],[-39.857273619543584,-16.11569530485262],[-40.23111132073769,-15.80384712024575],[-40.8221104414978,-15.646007051105721],[-41.3312060975624,-15.74467336581327],[-41.3564227448263,-15.500286136781074],[-41.800710057350706,-15.10109712158298],[-42.09162086976752,-15.186605389321455],[-43.17634983515779,-14.650543842932128],[-43.52975703660347,-14.81594484529332],[-43.8835075701549,-14.653232197241158],[-43.78401662562385,-14.337178828622921],[-44.2153325661855,-14.233180666894457],[-46.077081842143734,-15.264681804339835],[-45.907300103294524,-14.35323328997307],[-46.265782836129254,-14.097961013830663],[-46.244282943235326,-13.43369412366333],[-46.04108277406036,-13.276669720751341],[-46.315924074537925,-13.303172464657306],[-46.322664962070085,-13.09828315813001],[-46.111639367383795,-12.925593332059497],[-46.30522396743152,-12.948869699018962],[-46.15388550371388,-12.48335495502842],[-46.3523955521679,-12.337403385372884],[-46.39786546463025,-12.040340195372185],[-46.17126044844761,-11.90099694265634],[-46.37328381688652,-11.87230491032855],[-46.314942362873786,-11.630735643206277],[-46.083193412667434,-11.636126833774624],[-46.47931356682945,-11.5163905664501],[-46.617096757425074,-11.289450135663039],[-45.60317609437963,-10.107982175999394],[-45.2480518853731,-10.821967435885309],[-44.9312179450926,-10.928756349550529],[-44.58490437161852,-10.629350886343435],[-44.13437002853406,-10.6371004012054],[-43.662131406999904,-10.009544197323264],[-43.850480584999914,-9.54969630830906],[-43.48545822699989,-9.265286075300157],[-42.76995719498417,-9.619182114841403],[-42.316076567999865,-9.316612336301802],[-41.83796576923547,-9.24227204380862],[-41.381251534884015,-8.707272369289328],[-41.11370972257858,-8.703797228935708],[-40.66739566632167,-9.159059199558936]],[[-41.87544877040427,-20.764873132709372],[-42.15094997653411,-20.974028955708217],[-42.369119437440396,-21.619455780759623],[-42.26942901073998,-21.716983067520182],[-43.136888354524984,-22.109401163227385],[-43.765705447152605,-22.06217547303148],[-45.39787648257571,-22.65342381806843],[-45.718454773024355,-22.5779913910992],[-45.781884145449006,-22.85525721833312],[-46.34522423565176,-22.90467920203007],[-46.40695223485048,-22.539932536200315],[-46.72326025410096,-22.306623839760086],[-46.50925213589096,-21.46989892719804],[-47.011507927227704,-21.422272817224226],[-47.240044256543314,-20.885281696862386],[-47.09689579675218,-20.644528273722987],[-47.46829270792312,-19.961422207831433],[-48.82574321511987,-20.161957488666165],[-48.898202427620284,-20.441873089398285],[-49.000426313251076,-20.16074809612892],[-49.245200727172595,-20.282142846515413],[-49.259505020718784,-19.963842165921232],[-50.471918222605034,-19.77965579546847],[-51.00047500229297,-20.085384368117264],[-51.04594437796472,-19.729050869188995],[-50.30626660224011,-18.69547154739364],[-49.53391451572942,-18.49251503174316],[-49.38400936607938,-18.644728257614076],[-48.93317157463017,-18.305454008778977],[-48.262408118598145,-18.331885042384478],[-47.95493704460667,-18.50028032191645],[-47.283205423018295,-18.058236285398888],[-47.26579316256445,-17.61044378322466],[-47.538826283252035,-17.38880062880027],[-47.126129355543824,-16.979503340091327],[-47.454793590642595,-16.46827509397629],[-47.30050163577303,-16.017052175306464],[-46.80749912167851,-15.880775989925153],[-46.926596163331574,-15.061692833342237],[-46.50360807284488,-15.053433333092926],[-46.5034457828144,-14.70407581016532],[-46.28686475463534,-14.928145712593238],[-46.0056361709808,-14.900051023334562],[-46.05811297588951,-15.2627418017384],[-44.21533256618547,-14.233180664643285],[-43.78401662562391,-14.337178826356661],[-43.85920099836134,-14.67429882533797],[-43.5297570366035,-14.815944842958146],[-43.17634983515783,-14.650543840620582],[-42.09162086976757,-15.186605387410998],[-41.80340684729668,-15.09973727966379],[-41.35642274482634,-15.500286134835093],[-41.33120609756236,-15.744673363346246],[-40.70457579263001,-15.66639880235839],[-39.856828890627625,-16.113824767844086],[-40.283493340464595,-16.587447845989296],[-40.28163705102039,-16.90118364150649],[-40.48500444700411,-16.878970685175553],[-40.57141428728159,-17.063885494584355],[-40.62347511436939,-17.405980698964537],[-40.22079664883269,-17.737247430148376],[-40.22235060897539,-17.980417385501184],[-40.83055288184218,-17.954180002508988],[-40.77149605081058,-18.155940010026608],[-41.104447899770015,-18.213276764522362],[-41.182092461417895,-18.439254546983165],[-41.02064937016992,-18.458599238771917],[-40.91592186723107,-18.812658162657034],[-41.24358240602892,-18.852749067072736],[-41.01691285258399,-18.974640560617342],[-40.94469341103113,-19.460960354203987],[-41.382114496243936,-20.188813112096625],[-41.847498296742685,-20.32800618051416],[-41.87544877040427,-20.764873132709372]],[[-41.87544877040432,-20.76487313584017],[-41.84749829674272,-20.328006183590706],[-41.382114496243894,-20.188813115155778],[-40.944693411031075,-19.460960357170848],[-41.016912852584035,-18.974640563521405],[-41.24358240602887,-18.852749069961007],[-40.91592186723111,-18.812658165539975],[-41.02064937016986,-18.458599241608482],[-41.18209246141786,-18.439254549817218],[-41.092734478861985,-18.195401327830748],[-40.77540890324424,-18.15839560652436],[-40.899332668413805,-17.98265025480364],[-40.527037837163164,-17.891944640120272],[-39.66663200046678,-18.331542411497942],[-39.807413720282895,-19.648236459367705],[-40.05232055097059,-19.81042773113141],[-40.42300216901626,-20.636162872608807],[-40.75632528126256,-20.860712995559552],[-40.957909103989294,-21.30178196888327],[-41.71706516184579,-21.125279050592088],[-41.7117861443693,-20.86899776822842],[-41.87544877040432,-20.76487313584017]],[[-43.5681308185014,-23.043561151513206],[-43.84491191616927,-22.901567027504363],[-44.23084555136651,-23.062120506021714],[-44.358999181232804,-22.9230208991358],[-44.68714582160768,-23.07578653671311],[-44.58553714181224,-23.359937209119874],[-44.885950801315516,-23.235790338296667],[-44.792638374503504,-22.98220662343165],[-44.16136516442308,-22.678258450596864],[-44.64024855278912,-22.60805792408676],[-44.802149420128096,-22.39234952455335],[-43.765705447152605,-22.062175476318888],[-43.07412901536635,-22.093349341663853],[-42.26942901073998,-21.71698307076657],[-42.36911943744039,-21.61945578399436],[-42.150949976534115,-20.974028958864704],[-41.85945614975411,-20.765172095399436],[-41.71706516184578,-21.12527905059214],[-40.960179013099506,-21.301564631449164],[-41.0725835120949,-21.513024020763712],[-40.97335984203102,-21.94744435148497],[-41.96377948659928,-22.53657363623052],[-41.86352767998538,-22.754838990451415],[-42.01283965410778,-22.99767775276478],[-43.05165170598174,-22.98230707381292],[-43.08554310835287,-22.68049126616324],[-43.278514679663836,-22.780384971397297],[-43.18939958963441,-22.990935659008716],[-43.5681308185014,-23.043561151513206]],[[-44.23424940994738,-23.08987621656513],[-44.09544132704678,-23.175389056574968],[-44.34925451748976,-23.22668261420805],[-44.23424940994738,-23.08987621656513]],[[-46.27515699999999,-24.015952000702125],[-46.93831900000002,-24.27801800070787],[-48.09947452699683,-25.312320950043933],[-48.02755019908788,-25.220508774508765],[-48.191361332687336,-25.19624132527317],[-48.25028105889517,-24.97741778906372],[-48.582661680943225,-25.051646105955708],[-48.582034379639616,-24.67070140507574],[-49.305397609007514,-24.673649760803826],[-49.20121061097831,-24.342700241148837],[-49.61073650246224,-23.85169492868088],[-49.678319870131915,-23.165061656619216],[-49.9861649248003,-22.897504764036775],[-50.736369966024405,-22.963351013950145],[-51.265199856568515,-22.667697406367246],[-52.109212427804586,-22.51629516520019],[-52.222577228029635,-22.675534908753917],[-53.108915019068625,-22.59831653739147],[-52.40818834042793,-22.141635246176396],[-51.865261082816694,-21.34894248973346],[-51.8758618584906,-21.136147410974992],[-51.62358725737368,-20.944432890051743],[-51.58831025559215,-20.63565068146553],[-50.574539552447185,-19.814504937304203],[-49.25950502071883,-19.96384216895205],[-49.24520072717256,-20.28214284958618],[-49.00042631325112,-20.160748099184506],[-48.898202427620326,-20.441873092488954],[-48.825743215119914,-20.161957491721928],[-48.254687801347,-20.143815789488997],[-48.2348267131706,-20.02827556935569],[-47.895462810825144,-20.125258265767457],[-47.856150189197415,-19.990544794840147],[-47.47051191815011,-19.960701693560058],[-47.096895796752214,-20.644528276838887],[-47.240044256543264,-20.88528170000803],[-47.011507927227655,-21.422272820435175],[-46.509252135891,-21.469898930414743],[-46.72326025410101,-22.306623843076277],[-46.40695223485053,-22.539932539543678],[-46.35631072217955,-22.900303261764083],[-45.789166429581044,-22.858124301569436],[-45.718454773024405,-22.577991394447082],[-45.397876482575654,-22.65342382142501],[-44.80543307711259,-22.40401434624095],[-44.64024855278908,-22.608057924086857],[-44.161365164423124,-22.678258450596864],[-44.792480744361015,-22.982165661494264],[-44.88932055050068,-23.226594921028468],[-44.72454066734883,-23.36938147715951],[-45.40838100000001,-23.624960000693374],[-45.412100999999964,-23.824683999999955],[-45.90312900000004,-23.7655100006966],[-46.27515699999999,-24.015952000702125]],[[-45.328899999999976,-23.722294000695644],[-45.251045937614265,-23.966065482822263],[-45.46042100000002,-23.91415200069986],[-45.328899999999976,-23.722294000695644]],[[-49.174959622024566,-26.00005411115513],[-49.55561872321145,-26.237353037582913],[-49.941694480304264,-26.008414012271906]],[[-49.941694480304264,-26.008414012271906],[-50.32426032043991,-26.135279908869258],[-50.5702306103738,-26.001952832604125]],[[-50.5702306103738,-26.001952832604125],[-50.71640426275389,-26.245000938182276]],[[-50.71640426275389,-26.245000938182276],[-51.247951214155634,-26.32986640820745],[-51.22710237326228,-26.615233850094345]],[[-51.22710237326228,-26.615233850094345],[-51.411475156610614,-26.7171220086855]],[[-51.411475156610614,-26.7171220086855],[-52.186343010122336,-26.445116681607743],[-53.55053362519998,-26.293836285649963],[-53.83601906077825,-25.971940947307633],[-53.89046250812278,-25.623179971501354],[-54.10050890337179,-25.618441118407965],[-54.102590155879206,-25.49502000390083],[-54.42969371827019,-25.695439601415018],[-54.593726578216696,-25.59236229260181],[-54.25915236267531,-24.364924842224596],[-54.341088293888674,-24.13090502432271],[-54.101764988472,-23.951963550200375],[-53.98659666539421,-23.46479359672841],[-53.74132383498453,-23.33563838603948],[-53.60742350324698,-22.951333469353035],[-52.97242498008613,-22.57048474774103],[-52.22257721639428,-22.675535811337916],[-52.05187783852555,-22.53932693455194],[-51.265199856568486,-22.667697406367207],[-50.736369966024384,-22.963351013950177],[-49.986164924800356,-22.897504764036746],[-49.72555095209451,-23.109438145662388],[-49.566624144848745,-23.426420092784852],[-49.610125195853676,-23.85319138444283],[-49.200678520686274,-24.344413749381573],[-49.30539760900748,-24.673649760803805],[-48.5820353668443,-24.670701440567218],[-48.5560078577191,-25.08655256361985],[-48.25028105889523,-24.97741778906377],[-48.1913613326873,-25.1962413252732],[-48.02393809877433,-25.22914328884089],[-48.59105331192751,-25.976820270331586],[-49.174959622024566,-26.00005411115513]],[[-50.17750912400963,-29.248521294122014],[-49.962602490800705,-29.117481234533244],[-49.93467784740218,-28.72567649881841],[-49.69182402272821,-28.62269752985349]],[[-49.69182402272821,-28.62269752985349],[-49.76586083375874,-28.45914784066279],[-50.62495147594129,-28.392588313333633]],[[-50.62495147594129,-28.392588313333633],[-51.082229896802254,-27.83392644963521]],[[-51.082229896802254,-27.83392644963521],[-52.16657573952685,-27.2714274236785],[-52.98436630257091,-27.221472278393495]],[[-52.98436630257091,-27.221472278393495],[-53.03209513581686,-27.082302022719176],[-53.31320102208346,-27.219089676317044]],[[-53.31320102208346,-27.219089676317044],[-53.37063944139213,-27.091103107682205]],[[-53.37063944139213,-27.091103107682205],[-53.836699426406,-27.168716172642426],[-53.671389150824005,-26.941881755024315],[-53.64582591735076,-26.24776299484961],[-51.507794974889045,-26.58092417530959],[-51.411475156610614,-26.7171220086855]],[[-51.22710237326228,-26.615233850094345],[-51.24795121415563,-26.329866408207558],[-50.71640426275389,-26.245000938182276]],[[-50.5702306103738,-26.001952832604125],[-50.32426032043991,-26.13527990886936],[-49.941694480304264,-26.008414012271906]],[[-49.174959622024566,-26.00005411115513],[-48.638646649853676,-25.968730180474825],[-48.49292600000001,-26.218825999999936],[-48.68683569218858,-26.688022539976416],[-48.608550544589285,-27.11421120025338],[-48.46482987438649,-27.143916596697323],[-48.60802637816943,-27.43453694684223],[-48.36025618701495,-27.446517103694607],[-48.761461000000025,-28.537546999999957],[-49.711575811679126,-29.32555793052864],[-50.17750912400963,-29.248521294122014]],[[-53.31320102208346,-27.219089676317044],[-53.03433796395899,-27.082315031334513],[-52.98436630257091,-27.221472278393495]],[[-52.98436630257091,-27.221472278393495],[-52.16833436164686,-27.270915126067674],[-51.082229896802254,-27.83392644963521]],[[-50.62495147594129,-28.392588313333633],[-49.76527949454872,-28.459492297827083],[-49.69182402272821,-28.62269752985349]],[[-50.17750912400963,-29.248521294122014],[-49.71260442061155,-29.326933229080048],[-50.78857028215232,-31.134087102720216],[-52.07893774727476,-32.14264964655397],[-52.084294484200186,-32.084324099100336],[-52.64492181514676,-33.13879100689665],[-53.41875819210969,-33.748861663270965],[-53.536232109596924,-33.61467670138178],[-53.41821710563452,-33.119603036711744],[-53.256639132951975,-33.10445136220317],[-53.131730920570824,-32.795164696430106],[-52.761743080944754,-32.87697466481932],[-52.58640911006239,-32.53069654885175],[-52.622417137658815,-32.1439786853422],[-53.08464366478868,-32.658242175395124],[-53.38862865667565,-32.58758539444339],[-53.745686680737286,-32.07917932646486],[-54.586331404124486,-31.45718246242547],[-55.23965973810135,-31.26103221094055],[-55.57717160030645,-30.833834459526283],[-56.010119599418715,-31.081467824487802],[-56.02343590560391,-30.786897843149067],[-56.80644344751361,-30.105300074344605],[-57.06992616537154,-30.087082489622844],[-57.21801540967131,-30.29038044780236],[-57.6437862155364,-30.188777814863748],[-56.41857705337113,-29.07555128167559],[-55.877117098367066,-28.36172602002652],[-55.69383785904757,-28.422839245908563],[-55.777631160395444,-28.24708562410484],[-55.03098865033704,-27.85622475021501],[-54.811407516365186,-27.530993504277152],[-54.27820703026388,-27.44647470686154],[-53.87660461845597,-27.126217122416197],[-53.64211488556899,-27.219805122911463],[-53.37063944139213,-27.091103107682205]],[[-52.087383389549984,-32.05069129277293],[-52.11102609293909,-31.793263377672474],[-51.85226881259931,-31.867547655488657],[-51.250690181396294,-31.469595523799107],[-51.167779716843825,-31.06269087254142],[-50.70198743426243,-30.74632721251518],[-50.717540344693084,-30.351986367978895],[-50.57442003724845,-30.481475762940125],[-50.59649233666553,-30.194944143792302],[-50.91652151728263,-30.4406786285844],[-51.29937234401802,-30.00262555653337],[-51.295273294019644,-30.30294693623507],[-51.094656835797075,-30.364729579614448],[-51.279154846779534,-30.510403583784832],[-51.28243479549669,-30.812539000107048],[-51.371645049108274,-30.63609697757889],[-51.44025239069251,-31.088218508880207],[-51.93056103960811,-31.318934591414415],[-52.03065301154993,-31.69234528515216],[-52.22576749674192,-31.751898077196266],[-52.11119689582132,-31.950695859086874],[-52.2482317716619,-32.05172389256555],[-52.09520751805177,-32.00537098488507],[-52.240223568071066,-32.07976416114642],[-52.087383389549984,-32.05069129277293]],[[-54.58166281469506,-17.46800698317002],[-54.33558488021208,-17.66172305903304],[-54.0846924524091,-17.619034805231262]],[[-54.0846924524091,-17.619034805231262],[-53.698468089060356,-17.230655790940467],[-53.704607467064555,-17.66350954647898]],[[-53.704607467064555,-17.66350954647898],[-53.94891488283181,-17.923423779234515],[-53.07227751448582,-18.033975304988502]],[[-53.07227751448582,-18.033975304988502],[-53.09965570934378,-18.3136191403018]],[[-53.09965570934378,-18.3136191403018],[-52.75931963162408,-18.348070858521577],[-52.91675963890243,-18.64029463133832],[-52.45520469788285,-18.68797623094503]],[[-52.45520469788285,-18.68797623094503],[-50.93590835534971,-19.460644017104208],[-51.05893275031811,-20.235160732619768],[-51.594148150427074,-20.643847680685287],[-52.076492427708104,-21.714880191610526],[-52.48771425663051,-22.217206043902962],[-53.60258882610827,-22.946121204775118],[-54.28735562576941,-24.06858362914676],[-54.66947210941366,-23.812504842672293],[-55.41386131574518,-23.96529800903896],[-55.61442188823101,-22.655095326071816],[-55.85326312438858,-22.280303020385173],[-56.209075104447386,-22.27820665478355],[-56.39365577461911,-22.07443857241043],[-56.84238587470796,-22.3015877670019],[-58.00959250516094,-22.04527506588866],[-57.81876911583374,-20.945259624900125],[-58.168511688106754,-20.172243472800783],[-57.85815172337469,-19.97141679354253],[-58.13181868748829,-19.75849741603015],[-57.45391902338317,-18.23119409710688],[-57.79502576683819,-17.558010299155992],[-57.452468922403796,-17.902643454795445],[-57.044914603436474,-17.73032131033796]],[[-57.044914603436474,-17.73032131033796],[-56.73385418031101,-17.309860172262617]],[[-56.73385418031101,-17.309860172262617],[-56.10370222395111,-17.17353867663501],[-55.12725596179446,-17.652722302430803],[-54.58166281469506,-17.46800698317002]],[[-57.044914603436474,-17.73032131033796],[-57.45388781707808,-17.902752750579673],[-57.72503149747902,-17.53101237579437],[-58.04338690250386,-17.492668434991096],[-58.395530054849125,-17.184457550737772],[-58.47058485863233,-16.703022912622195],[-58.32108309039811,-16.26475007247275],[-60.1717171369488,-16.266106138934656],[-60.2386048267867,-15.473851598295578],[-60.56501893468578,-15.108683606258918],[-60.2443213509712,-15.09680605013319],[-60.492429974083066,-14.18822647163723],[-60.382095994637,-13.987456330848898],[-60.71701944432204,-13.68511410511798],[-60.384039286897874,-13.44922813504238],[-60.067946374085565,-12.613182491626917],[-59.77435744772552,-12.340955642629204],[-60.10877559770903,-11.839579222507643],[-59.917197620775,-11.338433595941943],[-59.98390291103702,-11.116277282430953],[-60.458524435738774,-10.9893068952456],[-61.550257964342215,-10.986093580599938],[-61.47680736700136,-9.628723014371015],[-61.63336034515171,-9.270606874988797],[-61.468504951862236,-8.91736791936133],[-61.583147489387784,-8.798687904213264],[-58.415877478031206,-8.792843072132706],[-58.287168445992755,-8.128544726647858],[-58.38474079152049,-7.843989091553426],[-58.135247632212895,-7.34902838258037],[-57.64321225873842,-8.212175320105077],[-57.592938921497776,-8.75647697224082],[-57.19500429297139,-8.92751370045228],[-56.7573841022744,-9.406176357596902],[-50.22480638213248,-9.841153477770524],[-50.60289774990936,-10.658233980880203]],[[-50.60289774990936,-10.658233980880203],[-50.739259610519554,-11.435385030299237],[-50.70134581379476,-12.643459865939601],[-50.501871009230264,-12.882694891625574],[-50.87179348048304,-13.733089582624997]],[[-50.87179348048304,-13.733089582624997],[-50.83176571953583,-14.080927061601496],[-51.08324498727136,-14.915930633423622],[-51.53254243328148,-15.065570575411096],[-51.88100169656857,-15.827766338687072]],[[-51.88100169656857,-15.827766338687072],[-52.25263636548154,-15.892659525719239],[-52.682151140730646,-16.304064057679703],[-52.63575574239823,-16.55163234170824],[-53.011325736802,-16.858014140735882],[-53.21926144583908,-17.297721938637654],[-53.24687881012113,-17.690683771745768],[-53.07227751448582,-18.033975304988502]],[[-53.704607467064555,-17.66350954647898],[-53.70514502556458,-17.22815377508386],[-54.0846924524091,-17.619034805231262]],[[-54.58166281469506,-17.46800698317002],[-54.89485339361059,-17.621503988155837],[-55.170614020769705,-17.640834026836135],[-56.112344147676545,-17.166348556426506],[-56.73385418031101,-17.309860172262617]],[[-49.369529269768165,-13.27461945172701],[-49.121030381767184,-12.790395873773775],[-48.975629551941395,-12.957194013109639]],[[-48.975629551941395,-12.957194013109639],[-48.84676993761079,-12.809802499119673],[-48.60141146049563,-13.060882667885949],[-48.586410646000985,-13.317613951044795]],[[-46.36427939855687,-12.991359793840477],[-46.114259402638936,-12.917889833305964],[-46.322664962070085,-13.098283158130002],[-46.27938894326834,-13.347898305672127],[-46.04108277406043,-13.2766697207514],[-46.24428294323538,-13.433694123663306],[-46.265972414349996,-14.096686722352937],[-45.90696818308338,-14.358051087693758],[-46.08814159919816,-14.936392599366018],[-46.50111368273586,-14.703025900085322],[-46.5036080728449,-15.053433335462005],[-46.925060140477356,-15.057505523196253],[-46.81172123576781,-15.886091169981258],[-47.31861644214985,-16.037748508881837],[-47.417338209861164,-15.500256608180877],[-48.20054439254162,-15.500255153849533]],[[-48.20054439254162,-15.500255153849533],[-48.27860601248559,-16.050261166710197],[-47.30354298065806,-16.059133477182534],[-47.460069754110876,-16.5050967666039],[-47.12593186368117,-16.9817682725063],[-47.54118523665588,-17.454303914591605],[-47.26579316256448,-17.610443785948313],[-47.283205423018316,-18.0582362881825],[-47.954937044606694,-18.500280324758513],[-48.262408118598074,-18.331885045204398],[-48.933171574630194,-18.30545401159534],[-49.38400936607941,-18.64472826047523],[-49.53391451572935,-18.492515034584212],[-50.29609885723427,-18.69123977347671],[-50.84217755063791,-19.499150811968082],[-52.45520469788285,-18.68797623094503]],[[-53.09965570934378,-18.3136191403018],[-53.246876743518335,-17.527587522228288],[-53.01437531275218,-16.862404435428594],[-52.626149005364184,-16.5334458730733],[-52.681020094787435,-16.30262864584077],[-52.252636365481635,-15.892659525719239],[-51.88100169656857,-15.827766338687072]],[[-50.87179348048304,-13.733089582624997],[-50.47806618900202,-12.709950154483161],[-50.16014656394112,-12.420073518398373],[-50.292651588626015,-12.839916454479068]],[[-48.20054439254162,-15.500255153849533],[-47.574608978116096,-15.513406872543126],[-47.31700023196959,-15.590722176128383],[-47.30838698705841,-16.050264263145657],[-48.2786060124863,-16.050261166710193],[-48.20054439254162,-15.500255153849533]]],"bbox":[-73.99044996899828,-33.748861663270965,-34.823379,5.264343437750694]}
