{"type":"Topology","bbox":[-73.99044996899828,-33.748861663270965,-34.823379,5.264343437750694],"objects":{"estados":{"type":"GeometryCollection","geometries":[{"type":"Polygon","arcs":[[0,1,2,3,4]],"properties":{"code_state":11,"Estado":"RO","name_state":"Rondônia","code_region":1,"name_region":"Norte","ABASTECIMENTO":0,"COMUNICAO":0,"DESENVOLVIMENTO":0,"DISTRIBUIO":1,"ENERGIA":0,"FINANCEIRO":0,"GESTO":0,"HABITAO":0,"INFORMTICA":0,"MINERAO":1,"OUTROS":0,"PESQUISA":0,"PORTOS":1,"SADE":0,"SANEAMENTO":1,"TRANSPORTES":0,"TURISMO":0}},{"type":"Polygon","arcs":[[5]],"properties":{"code_state":12,"Estado":"AC","name_state":"Acre","code_region":1,"name_region":"Norte","ABASTECIMENTO":1,"COMUNICAO":0,"DESENVOLVIMENTO":1,"DISTRIBUIO":0,"ENERGIA":0,"FINANCEIRO":1,"GESTO":0,"HABITAO":0,"INFORMTICA":1,"MINERAO":0,"OUTROS":1,"PESQUISA":0,"PORTOS":0,"SADE":0,"SANEAMENTO":1,"TRANSPORTES":0,"TURISMO":0}},{"type":"Polygon","arcs":[[6,7,-1,8,9,-3,10]],"properties":{"code_state":13,"Estado":"AM","name_state":"Amazonas","code_region":1,"name_region":"Norte","ABASTECIMENTO":0,"COMUNICAO":0,"DESENVOLVIMENTO":1,"DISTRIBUIO":1,"ENERGIA":0,"FINANCEIRO":1,"GESTO":0,"HABITAO":0,"INFORMTICA":1,"MINERAO":0,"OUTROS":0,"PESQUISA":0,"PORTOS":0,"SADE":0,"SANEAMENTO":1,"TRANSPORTES":0,"TURISMO":1}},{"type":"Polygon","arcs":[[11]],"properties":{"code_state":14,"Estado":"RR","name_state":"Roraima","code_region":1,"name_region":"Norte","ABASTECIMENTO":0,"COMUNICAO":0,"DESENVOLVIMENTO":1,"DISTRIBUIO":0,"ENERGIA":1,"FINANCEIRO":1,"GESTO":0,"HABITAO":0,"INFORMTICA":0,"MINERAO":0,"OUTROS":0,"PESQUISA":0,"PORTOS":0,"SADE":0,"SANEAMENTO":1,"TRANSPORTES":0,"TURISMO":0}},{"type":"Polygon","arcs":[[12,13,14,15,16,17,18,19,-7,20]],"properties":{"code_state":15,"Estado":"PA","name_state":"Pará","code_region":1,"name_region":"Norte","ABASTECIMENTO":1,"COMUNICAO":0,"DESENVOLVIMENTO":1,"DISTRIBUIO":1,"ENERGIA":0,"FINANCEIRO":1,"GESTO":0,"HABITAO":1,"INFORMTICA":1,"MINERAO":0,"OUTROS":0,"PESQUISA":1,"PORTOS":1,"SADE":0,"SANEAMENTO":1,"TRANSPORTES":0,"TURISMO":0}},{"type":"Polygon","arcs":[[-18,21,-16,22,23,-13,24]],"properties":{"code_state":16,"Estado":"AP","name_state":"Amapá","code_region":1,"name_region":"Norte","ABASTECIMENTO":0,"COMUNICAO":0,"DESENVOLVIMENTO":0,"DISTRIBUIO":0,"ENERGIA":0,"FINANCEIRO":0,"GESTO":0,"HABITAO":0,"INFORMTICA":0,"MINERAO":0,"OUTROS":0,"PESQUISA":0,"PORTOS":0,"SADE":0,"SANEAMENTO":0,"TRANSPORTES":0,"TURISMO":0}},{"type":"Polygon","arcs":[[25,26,27,28,29,30]],"properties":{"code_state":17,"Estado":"TO","name_state":"Tocantins","code_region":1,"name_region":"Norte","ABASTECIMENTO":0,"COMUNICAO":0,"DESENVOLVIMENTO":0,"DISTRIBUIO":0,"ENERGIA":0,"FINANCEIRO":1,"GESTO":1,"HABITAO":0,"INFORMTICA":0,"MINERAO":0,"OUTROS":0,"PESQUISA":0,"PORTOS":0,"SADE":0,"SANEAMENTO":0,"TRANSPORTES":0,"TURISMO":0}},{"type":"Polygon","arcs":[[31]],"properties":{"code_state":21,"Estado":"MA","name_state":"Maranhão","code_region":2,"name_region":"Nordeste","ABASTECIMENTO":0,"COMUNICAO":0,"DESENVOLVIMENTO":1,"DISTRIBUIO":1,"ENERGIA":0,"FINANCEIRO":0,"GESTO":0,"HABITAO":0,"INFORMTICA":0,"MINERAO":0,"OUTROS":0,"PESQUISA":0,"PORTOS":1,"SADE":0,"SANEAMENTO":1,"TRANSPORTES":0,"TURISMO":0}},{"type":"Polygon","arcs":[[32]],"properties":{"code_state":22,"Estado":"PI","name_state":"Piauí","code_region":2,"name_region":"Nordeste","ABASTECIMENTO":0,"COMUNICAO":0,"DESENVOLVIMENTO":1,"DISTRIBUIO":1,"ENERGIA":0,"FINANCEIRO":1,"GESTO":0,"HABITAO":0,"INFORMTICA":0,"MINERAO":0,"OUTROS":1,"PESQUISA":0,"PORTOS":1,"SADE":0,"SANEAMENTO":1,"TRANSPORTES":1,"TURISMO":0}},{"type":"Polygon","arcs":[[33,34]],"properties":{"code_state":23,"Estado":"CE","name_state":"Ceará","code_region":2,"name_region":"Nordeste","ABASTECIMENTO":1,"COMUNICAO":0,"DESENVOLVIMENTO":1,"DISTRIBUIO":1,"ENERGIA":0,"FINANCEIRO":0,"GESTO":0,"HABITAO":1,"INFORMTICA":1,"MINERAO":0,"OUTROS":0,"PESQUISA":1,"PORTOS":1,"SADE":0,"SANEAMENTO":1,"TRANSPORTES":1,"TURISMO":0}},{"type":"Polygon","arcs":[[35,36,37,38]],"properties":{"code_state":24,"Estado":"RN","name_state":"Rio Grande Do Norte","code_region":2,"name_region":"Nordeste","ABASTECIMENTO":1,"COMUNICAO":0,"DESENVOLVIMENTO":0,"DISTRIBUIO":1,"ENERGIA":0,"FINANCEIRO":1,"GESTO":1,"HABITAO":1,"INFORMTICA":1,"MINERAO":0,"OUTROS":0,"PESQUISA":1,"PORTOS":0,"SADE":0,"SANEAMENTO":1,"TRANSPORTES":0,"TURISMO":1}},{"type":"Polygon","arcs":[[-36,39,-38,40]],"properties":{"code_state":25,"Estado":"PB","name_state":"Paraíba","code_region":2,"name_region":"Nordeste","ABASTECIMENTO":0,"COMUNICAO":1,"DESENVOLVIMENTO":1,"DISTRIBUIO":1,"ENERGIA":0,"FINANCEIRO":0,"GESTO":0,"HABITAO":1,"INFORMTICA":1,"MINERAO":0,"OUTROS":0,"PESQUISA":1,"PORTOS":1,"SADE":1,"SANEAMENTO":1,"TRANSPORTES":0,"TURISMO":1}},{"type":"Polygon","arcs":[[41,42,43,44,-34,45]],"properties":{"code_state":26,"Estado":"PE","name_state":"Pernambuco","code_region":2,"name_region":"Nordeste","ABASTECIMENTO":0,"COMUNICAO":1,"DESENVOLVIMENTO":1,"DISTRIBUIO":1,"ENERGIA":0,"FINANCEIRO":1,"GESTO":1,"HABITAO":1,"INFORMTICA":0,"MINERAO":0,"OUTROS":0,"PESQUISA":1,"PORTOS":1,"SADE":1,"SANEAMENTO":1,"TRANSPORTES":1,"TURISMO":1}},{"type":"Polygon","arcs":[[46]],"properties":{"code_state":27,"Estado":"AL","name_state":"Alagoas","code_region":2,"name_region":"Nordeste","ABASTECIMENTO":0,"COMUNICAO":1,"DESENVOLVIMENTO":0,"DISTRIBUIO":1,"ENERGIA":0,"FINANCEIRO":1,"GESTO":1,"HABITAO":0,"INFORMTICA":0,"MINERAO":0,"OUTROS":1,"PESQUISA":1,"PORTOS":0,"SADE":1,"SANEAMENTO":1,"TRANSPORTES":0,"TURISMO":0}},{"type":"Polygon","arcs":[[-44,47,-42,48]],"properties":{"code_state":29,"Estado":"BA","name_state":"Bahia","code_region":2,"name_region":"Nordeste","ABASTECIMENTO":0,"COMUNICAO":1,"DESENVOLVIMENTO":1,"DISTRIBUIO":1,"ENERGIA":0,"FINANCEIRO":1,"GESTO":1,"HABITAO":1,"INFORMTICA":1,"MINERAO":0,"OUTROS":1,"PESQUISA":0,"PORTOS":0,"SADE":0,"SANEAMENTO":1,"TRANSPORTES":1,"TURISMO":0}},{"type":"Polygon","arcs":[[49]],"properties":{"code_state":31,"Estado":"MG","name_state":"Minas Gerais","code_region":3,"name_region":"Sudeste","ABASTECIMENTO":0,"COMUNICAO":1,"DESENVOLVIMENTO":1,"DISTRIBUIO":1,"ENERGIA":1,"FINANCEIRO":1,"GESTO":1,"HABITAO":1,"INFORMTICA":1,"MINERAO":0,"OUTROS":0,"PESQUISA":1,"PORTOS":0,"SADE":0,"SANEAMENTO":1,"TRANSPORTES":1,"TURISMO":0}},{"type":"Polygon","arcs":[[50]],"properties":{"code_state":32,"Estado":"ES","name_state":"Espirito Santo","code_region":3,"name_region":"Sudeste","ABASTECIMENTO":1,"COMUNICAO":0,"DESENVOLVIMENTO":0,"DISTRIBUIO":0,"ENERGIA":0,"FINANCEIRO":1,"GESTO":0,"HABITAO":1,"INFORMTICA":0,"MINERAO":0,"OUTROS":0,"PESQUISA":0,"PORTOS":0,"SADE":0,"SANEAMENTO":1,"TRANSPORTES":1,"TURISMO":0}},{"type":"MultiPolygon","arcs":[[[51]]],"properties":{"code_state":33,"Estado":"RJ","name_state":"Rio De Janeiro","code_region":3,"name_region":"Sudeste","ABASTECIMENTO":1,"COMUNICAO":1,"DESENVOLVIMENTO":0,"DISTRIBUIO":0,"ENERGIA":0,"FINANCEIRO":1,"GESTO":0,"HABITAO":1,"INFORMTICA":0,"MINERAO":0,"OUTROS":0,"PESQUISA":1,"PORTOS":0,"SADE":0,"SANEAMENTO":1,"TRANSPORTES":1,"TURISMO":1}},{"type":"MultiPolygon","arcs":[[[52]]],"properties":{"code_state":35,"Estado":"SP","name_state":"São Paulo","code_region":3,"name_region":"Sudeste","ABASTECIMENTO":0,"COMUNICAO":1,"DESENVOLVIMENTO":0,"DISTRIBUIO":0,"ENERGIA":1,"FINANCEIRO":1,"GESTO":1,"HABITAO":1,"INFORMTICA":1,"MINERAO":0,"OUTROS":1,"PESQUISA":1,"PORTOS":1,"SADE":0,"SANEAMENTO":1,"TRANSPORTES":1,"TURISMO":0}},{"type":"Polygon","arcs":[[53,54,55,56,57,58]],"properties":{"code_state":41,"Estado":"PR","name_state":"Paraná","code_region":4,"name_region":"Sul","ABASTECIMENTO":1,"COMUNICAO":0,"DESENVOLVIMENTO":0,"DISTRIBUIO":0,"ENERGIA":1,"FINANCEIRO":1,"GESTO":0,"HABITAO":1,"INFORMTICA":1,"MINERAO":0,"OUTROS":0,"PESQUISA":1,"PORTOS":1,"SADE":0,"SANEAMENTO":1,"TRANSPORTES":1,"TURISMO":0}},{"type":"Polygon","arcs":[[59,60,61,62,63,64,65,-58,66,-56,67,-54,68]],"properties":{"code_state":42,"Estado":"SC","name_state":"Santa Catarina","code_region":4,"name_region":"Sul","ABASTECIMENTO":1,"COMUNICAO":0,"DESENVOLVIMENTO":1,"DISTRIBUIO":0,"ENERGIA":1,"FINANCEIRO":1,"GESTO":1,"HABITAO":1,"INFORMTICA":1,"MINERAO":0,"OUTROS":1,"PESQUISA":1,"PORTOS":0,"SADE":0,"SANEAMENTO":1,"TRANSPORTES":0,"TURISMO":1}},{"type":"Polygon","arcs":[[-65,69,70,-62,71,-60,72]],"properties":{"code_state":43,"Estado":"RS","name_state":"Rio Grande Do Sul","code_region":4,"name_region":"Sul","ABASTECIMENTO":1,"COMUNICAO":0,"DESENVOLVIMENTO":0,"DISTRIBUIO":1,"ENERGIA":1,"FINANCEIRO":1,"GESTO":0,"HABITAO":0,"INFORMTICA":1,"MINERAO":1,"OUTROS":0,"PESQUISA":0,"PORTOS":0,"SADE":0,"SANEAMENTO":1,"TRANSPORTES":1,"TURISMO":0}},{"type":"Polygon","arcs":[[73,74,75,76,77,78,79,80]],"properties":{"code_state":50,"Estado":"MS","name_state":"Mato Grosso Do Sul","code_region":5,"name_region":"Centro Oeste","ABASTECIMENTO":1,"COMUNICAO":0,"DESENVOLVIMENTO":0,"DISTRIBUIO":1,"ENERGIA":0,"FINANCEIRO":0,"GESTO":0,"HABITAO":0,"INFORMTICA":0,"MINERAO":0,"OUTROS":0,"PESQUISA":0,"PORTOS":0,"SADE":0,"SANEAMENTO":1,"TRANSPORTES":0,"TURISMO":0}},{"type":"Polygon","arcs":[[-80,81,82,83,84,-76,85,-74,86]],"properties":{"code_state":51,"Estado":"MT","name_state":"Mato Grosso","code_region":5,"name_region":"Centro Oeste","ABASTECIMENTO":1,"COMUNICAO":0,"DESENVOLVIMENTO":0,"DISTRIBUIO":1,"ENERGIA":0,"FINANCEIRO":1,"GESTO":1,"HABITAO":0,"INFORMTICA":1,"MINERAO":1,"OUTROS":0,"PESQUISA":1,"PORTOS":0,"SADE":0,"SANEAMENTO":1,"TRANSPORTES":0,"TURISMO":0}},{"type":"Polygon","arcs":[[-29,87,88,-26,89,90,-78,91,-84,92]],"properties":{"code_state":52,"Estado":"GO","name_state":"Goiás","code_region":5,"name_region":"Centro Oeste","ABASTECIMENTO":1,"COMUNICAO":0,"DESENVOLVIMENTO":1,"DISTRIBUIO":1,"ENERGIA":1,"FINANCEIRO":1,"GESTO":1,"HABITAO":1,"INFORMTICA":1,"MINERAO":1,"OUTROS":1,"PESQUISA":1,"PORTOS":0,"SADE":1,"SANEAMENTO":1,"TRANSPORTES":1,"TURISMO":0}}]}},"arcs":[[[-61.985221897106406,-8.878606299682533],[-61.71327416291905,-8.68785275095152]],[[-61.71327416291905,-8.68785275095152],[-61.55025787338857,-10.986094651840489],[-59.976776585583636,-11.122388890656186],[-60.384032848593776,-13.449229196293157],[-61.84109409094168,-13.54891386724987],[-65.26063690925585,-11.70687325104586],[-65.36821054303913,-9.706719801045287],[-66.4088584191849,-9.406946622606078]],[[-66.4088584191849,-9.406946622606078],[-64.14945220364528,-8.958937181797344]],[[-64.14945220364528,-8.958937181797344],[-63.620788950505684,-7.969294200616687]],[[-63.620788950505684,-7.969294200616687],[-61.985221897106406,-8.878606299682533]],[[-73.18252539408962,-7.33549646429577],[-70.05497934945522,-7.84514914695298],[-66.6259723281424,-9.932314640842787],[-68.5429713950401,-11.111355479042103],[-70.62100662244812,-10.99964114312561],[-70.4957740227816,-9.42359668735932],[-72.18045277293709,-9.999999996835989],[-73.99044996899828,-7.535961001798242],[-73.18252539408962,-7.33549646429577]],[[-58.16264412819378,-1.2296565353449052],[-57.96035141483765,-1.4015737849844048]],[[-57.96035141483765,-1.4015737849844048],[-56.46559482176671,-2.4231150809259216],[-58.47847118723671,-6.699613641274283],[-58.38800145299412,-8.774786433360774],[-61.71327416291905,-8.68785275095152]],[[-61.985221897106406,-8.878606299682533],[-63.620788950505684,-7.969294200616687]],[[-63.620788950505684,-7.969294200616687],[-64.14945220364528,-8.958937181797344]],[[-66.4088584191849,-9.406946622606078],[-68.64718643192313,-9.049416566237078],[-70.05497934993971,-7.8451491472773585],[-73.80155832478036,-7.111824130037772],[-72.81457773359257,-5.109738433461094],[-69.96380742871223,-4.300646843296967],[-69.395709479895,-1.1326011805600906],[-69.84254544063403,1.7207748504881744],[-67.41026150223887,2.2466305611967825],[-66.31852012952936,0.7550421593056181],[-63.141515100511356,2.1724464021532253],[-61.896623907228296,-1.3953552570828895],[-60.03796864455883,0.26354551734337167],[-58.16264412819378,-1.2296565353449052]],[[-60.20050657607426,5.264343437750694],[-59.97078527155437,2.593520357106424],[-58.89546482024607,0.2635102751596287],[-61.896623908139674,-1.3953552577073725],[-62.706029406656754,1.9397232045291808],[-63.96580507364662,3.8682290097367944],[-60.20050657607426,5.264343437750694]],[[-54.74477907165233,1.7758007779577645],[-53.41149420333798,0.9293441507427619]],[[-53.41149420333798,0.9293441507427619],[-53.17504776629577,0.3771071476196132]],[[-53.17504776629577,0.3771071476196132],[-52.525015518700066,-0.585339757747087]],[[-52.525015518700066,-0.585339757747087],[-52.42704012538412,-1.050794928501466]],[[-52.42704012538412,-1.050794928501466],[-51.67920491217099,-0.7852519284429881]],[[-51.67920491217099,-0.7852519284429881],[-51.21636285923816,-0.11861278562353861]],[[-51.21636285923816,-0.11861278562353861],[-50.156972212673686,0.7051797388930547],[-46.07293806103366,-1.0185638161408177],[-46.323979539968086,-1.7655442507952521]],[[-46.323979539968086,-1.7655442507952521],[-49.20952811297221,-6.925420568974544],[-50.22480638213248,-9.84115347777047],[-56.76110874815697,-9.404999403123558],[-58.46288622368367,-6.837279422741956],[-56.46559482176671,-2.4231150809260225],[-57.96035141483765,-1.4015737849844048]],[[-58.16264412819378,-1.2296565353449052],[-58.89549808205439,1.2287814235941668],[-57.3044061850642,1.9975416395229977],[-54.74477907165233,1.7758007779577645]],[[-51.67920491217099,-0.7852519284429881],[-52.42704012538412,-1.050794928501466]],[[-52.525015518700066,-0.585339757747087],[-53.17504776629577,0.3771071476196132]],[[-53.17504776629577,0.3771071476196132],[-53.41149420333798,0.9293441507427619]],[[-54.74477907165233,1.7758007779577645],[-52.955908742752186,2.16368363308195],[-51.54965085881924,4.4243410621708374],[-50.09391434100932,0.7020927027235908],[-51.21636285923816,-0.11861278562353861]],[[-46.36427939855687,-12.991359793840477],[-48.586410646000985,-13.317613951044795]],[[-48.586410646000985,-13.317613951044795],[-48.975629551941395,-12.957194013109639]],[[-48.975629551941395,-12.957194013109639],[-49.369529269768165,-13.27461945172701]],[[-49.369529269768165,-13.27461945172701],[-50.292651588626015,-12.839916454479068]],[[-50.292651588626015,-12.839916454479068],[-50.60289774990936,-10.658233980880203]],[[-50.60289774990936,-10.658233980880203],[-49.27624391487571,-8.36368383669609],[-48.3587821730257,-5.170084717906753],[-47.07055164009712,-9.061954214220798],[-45.699958707028074,-10.186009751871184],[-46.36427939855687,-12.991359793840477]],[[-46.323979539968086,-1.7655442507952521],[-45.84073319904228,-1.0454847309094035],[-41.82188734929218,-2.7199410412600464],[-42.985418478022275,-4.2207140910730825],[-42.91977511319382,-6.670309361884661],[-45.45854642335021,-7.672376416841638],[-46.00297130829619,-10.261764703102102],[-48.36390981528708,-5.168380515276692],[-46.323979539968086,-1.7655442507952521]],[[-41.74604645405293,-2.803497202251231],[-40.58969842190244,-8.138808338846133],[-44.1313183870672,-10.63488541688556],[-45.95607353042984,-10.221077474166755],[-45.482776051289825,-7.716938311053718],[-42.91977511319377,-6.670309361884674],[-42.98541847802234,-4.220714091073083],[-41.74604645405293,-2.803497202251231]],[[-39.70618883925291,-7.33776120027432],[-40.52372321115997,-7.318450482901344]],[[-40.52372321115997,-7.318450482901344],[-41.32268130980866,-2.9213195742230473],[-39.96367005290118,-2.8501511802315793],[-37.608678426021754,-4.614689692525168],[-38.962859470252276,-7.844816397812178],[-39.70618883925291,-7.33776120027432]],[[-35.9776472904922,-6.4889057895887055],[-37.156922970028056,-6.152488230357974]],[[-37.156922970028056,-6.152488230357974],[-37.742373876484834,-6.188975421932775]],[[-37.742373876484834,-6.188975421932775],[-38.117057390560795,-6.522668524809364]],[[-38.117057390560795,-6.522668524809364],[-37.64033838118253,-4.926404606654902],[-35.48910624414651,-5.15836152983438],[-35.9776472904922,-6.4889057895887055]],[[-35.9776472904922,-6.4889057895887055],[-34.82589031024558,-7.5496480199206655],[-36.99115628431939,-8.3029550511595],[-38.117057390560795,-6.522668524809364]],[[-37.742373876484834,-6.188975421932775],[-37.156922970028056,-6.152488230357974]],[[-39.89295772236606,-8.828793992630345],[-40.33886553793593,-9.359891762317618]],[[-40.33886553793593,-9.359891762317618],[-40.77675054284872,-9.454451428276984]],[[-40.77675054284872,-9.454451428276984],[-40.66739566632167,-9.159059199558936]],[[-40.66739566632167,-9.159059199558936],[-40.52372321115997,-7.318450482901344]],[[-39.70618883925291,-7.33776120027432],[-37.23361241146348,-7.274396521811165],[-36.99115628431934,-8.3029550511595],[-34.83587179659917,-7.545728386766211],[-35.15252650115687,-8.91383716943505],[-38.23758980447475,-9.329794347575936],[-39.89295772236606,-8.828793992630345]],[[-36.972624628144295,-9.987894838197045],[-38.237588935176234,-9.329793437771473],[-35.151950451460465,-8.916386270718558],[-36.972624628144295,-9.987894838197045]],[[-40.77675054284872,-9.454451428276984],[-40.33886553793593,-9.359891762317618]],[[-39.89295772236606,-8.828793992630345],[-38.29640248799997,-9.022851443292598],[-37.34114665369592,-11.442336474433292],[-38.95479345487374,-13.244513079861028],[-38.85638813599996,-15.859375298993251],[-39.67015857531839,-18.348560261330555],[-39.857273619543584,-16.11569530485262],[-44.2153325661855,-14.233180666894457],[-46.077081842143734,-15.264681804339835],[-46.314942362873786,-11.630735643206277],[-45.60317609437963,-10.107982175999394],[-44.13437002853406,-10.6371004012054],[-43.48545822699989,-9.265286075300157],[-40.66739566632167,-9.159059199558936]],[[-41.87544877040427,-20.764873132709372],[-42.26942901073998,-21.716983067520182],[-46.34522423565176,-22.90467920203007],[-47.46829270792312,-19.961422207831433],[-51.04594437796472,-19.729050869188995],[-50.30626660224011,-18.69547154739364],[-47.283205423018295,-18.058236285398888],[-47.454793590642595,-16.46827509397629],[-44.21533256618547,-14.233180664643285],[-39.856828890627625,-16.113824767844086],[-41.87544877040427,-20.764873132709372]],[[-41.87544877040432,-20.76487313584017],[-41.092734478861985,-18.195401327830748],[-39.66663200046678,-18.331542411497942],[-40.957909103989294,-21.30178196888327],[-41.87544877040432,-20.76487313584017]],[[-43.5681308185014,-23.043561151513206],[-44.802149420128096,-22.39234952455335],[-40.960179013099506,-21.301564631449164],[-42.01283965410778,-22.99767775276478],[-43.5681308185014,-23.043561151513206]],[[-46.27515699999999,-24.015952000702125],[-48.09947452699683,-25.312320950043933],[-49.678319870131915,-23.165061656619216],[-52.40818834042793,-22.141635246176396],[-50.574539552447185,-19.814504937304203],[-47.47051191815011,-19.960701693560058],[-46.27515699999999,-24.015952000702125]],[[-49.174959622024566,-26.00005411115513],[-49.941694480304264,-26.008414012271906]],[[-49.941694480304264,-26.008414012271906],[-50.5702306103738,-26.001952832604125]],[[-50.5702306103738,-26.001952832604125],[-50.71640426275389,-26.245000938182276]],[[-50.71640426275389,-26.245000938182276],[-51.22710237326228,-26.615233850094345]],[[-51.22710237326228,-26.615233850094345],[-51.411475156610614,-26.7171220086855]],[[-51.411475156610614,-26.7171220086855],[-54.593726578216696,-25.59236229260181],[-52.97242498008613,-22.57048474774103],[-49.986164924800356,-22.897504764036746],[-49.174959622024566,-26.00005411115513]],[[-50.17750912400963,-29.248521294122014],[-49.69182402272821,-28.62269752985349]],[[-49.69182402272821,-28.62269752985349],[-50.62495147594129,-28.392588313333633]],[[-50.62495147594129,-28.392588313333633],[-51.082229896802254,-27.83392644963521]],[[-51.082229896802254,-27.83392644963521],[-52.98436630257091,-27.221472278393495]],[[-52.98436630257091,-27.221472278393495],[-53.31320102208346,-27.219089676317044]],[[-53.31320102208346,-27.219089676317044],[-53.37063944139213,-27.091103107682205]],[[-53.37063944139213,-27.091103107682205],[-51.411475156610614,-26.7171220086855]],[[-51.22710237326228,-26.615233850094345],[-50.71640426275389,-26.245000938182276]],[[-50.5702306103738,-26.001952832604125],[-49.941694480304264,-26.008414012271906]],[[-49.174959622024566,-26.00005411115513],[-48.761461000000025,-28.537546999999957],[-50.17750912400963,-29.248521294122014]],[[-53.31320102208346,-27.219089676317044],[-52.98436630257091,-27.221472278393495]],[[-52.98436630257091,-27.221472278393495],[-51.082229896802254,-27.83392644963521]],[[-50.62495147594129,-28.392588313333633],[-49.69182402272821,-28.62269752985349]],[[-50.17750912400963,-29.248521294122014],[-50.78857028215232,-31.134087102720216],[-52.761743080944754,-32.87697466481932],[-56.80644344751361,-30.105300074344605],[-54.811407516365186,-27.530993504277152],[-53.37063944139213,-27.091103107682205]],[[-54.58166281469506,-17.46800698317002],[-54.0846924524091,-17.619034805231262]],[[-54.0846924524091,-17.619034805231262],[-53.704607467064555,-17.66350954647898]],[[-53.704607467064555,-17.66350954647898],[-53.07227751448582,-18.033975304988502]],[[-53.07227751448582,-18.033975304988502],[-53.09965570934378,-18.3136191403018]],[[-53.09965570934378,-18.3136191403018],[-52.45520469788285,-18.68797623094503]],[[-52.45520469788285,-18.68797623094503],[-50.93590835534971,-19.460644017104208],[-52.48771425663051,-22.217206043902962],[-54.28735562576941,-24.06858362914676],[-55.41386131574518,-23.96529800903896],[-56.39365577461911,-22.07443857241043],[-58.00959250516094,-22.04527506588866],[-58.13181868748829,-19.75849741603015],[-57.044914603436474,-17.73032131033796]],[[-57.044914603436474,-17.73032131033796],[-56.73385418031101,-17.309860172262617]],[[-56.73385418031101,-17.309860172262617],[-54.58166281469506,-17.46800698317002]],[[-57.044914603436474,-17.73032131033796],[-58.32108309039811,-16.26475007247275],[-60.1717171369488,-16.266106138934656],[-60.71701944432204,-13.68511410511798],[-59.98390291103702,-11.116277282430953],[-61.550257964342215,-10.986093580599938],[-61.583147489387784,-8.798687904213264],[-58.415877478031206,-8.792843072132706],[-58.135247632212895,-7.34902838258037],[-56.7573841022744,-9.406176357596902],[-50.22480638213248,-9.841153477770524],[-50.60289774990936,-10.658233980880203]],[[-50.60289774990936,-10.658233980880203],[-50.87179348048304,-13.733089582624997]],[[-50.87179348048304,-13.733089582624997],[-51.88100169656857,-15.827766338687072]],[[-51.88100169656857,-15.827766338687072],[-53.07227751448582,-18.033975304988502]],[[-53.704607467064555,-17.66350954647898],[-54.0846924524091,-17.619034805231262]],[[-54.58166281469506,-17.46800698317002],[-56.73385418031101,-17.309860172262617]],[[-49.369529269768165,-13.27461945172701],[-48.975629551941395,-12.957194013109639]],[[-48.975629551941395,-12.957194013109639],[-48.586410646000985,-13.317613951044795]],[[-46.36427939855687,-12.991359793840477],[-46.08814159919816,-14.936392599366018],[-48.20054439254162,-15.500255153849533]],[[-48.20054439254162,-15.500255153849533],[-47.283205423018316,-18.0582362881825],[-52.45520469788285,-18.68797623094503]],[[-53.09965570934378,-18.3136191403018],[-51.88100169656857,-15.827766338687072]],[[-50.87179348048304,-13.733089582624997],[-50.292651588626015,-12.839916454479068]]]}
