{"type":"Topology","bbox":[-73.99044996899828,-33.748861663270965,-34.823379,5.264343437750694],"transform":{"scale":[0.0003916746264362471,0.0003901359523697403],"translate":[-73.99044996899828,-33.748861663270965]},"objects":{"estados":{"type":"GeometryCollection","geometries":[{"type":"Polygon","arcs":[[0,1,2,3,4]],"properties":{"code_state":11,"Estado":"RO","name_state":"Rondônia","code_region":1,"name_region":"Norte","ABASTECIMENTO":0,"COMUNICAO":0,"DESENVOLVIMENTO":0,"DISTRIBUIO":1,"ENERGIA":0,"FINANCEIRO":0,"GESTO":0,"HABITAO":0,"INFORMTICA":0,"MINERAO":1,"OUTROS":0,"PESQUISA":0,"PORTOS":1,"SADE":0,"SANEAMENTO":1,"TRANSPORTES":0,"TURISMO":0}},{"type":"Polygon","arcs":[[5]],"properties":{"code_state":12,"Estado":"AC","name_state":"Acre","code_region":1,"name_region":"Norte","ABASTECIMENTO":1,"COMUNICAO":0,"DESENVOLVIMENTO":1,"DISTRIBUIO":0,"ENERGIA":0,"FINANCEIRO":1,"GESTO":0,"HABITAO":0,"INFORMTICA":1,"MINERAO":0,"OUTROS":1,"PESQUISA":0,"PORTOS":0,"SADE":0,"SANEAMENTO":1,"TRANSPORTES":0,"TURISMO":0}},{"type":"Polygon","arcs":[[6,7,-1,8,9,-3,10]],"properties":{"code_state":13,"Estado":"AM","name_state":"Amazonas","code_region":1,"name_region":"Norte","ABASTECIMENTO":0,"COMUNICAO":0,"DESENVOLVIMENTO":1,"DISTRIBUIO":1,"ENERGIA":0,"FINANCEIRO":1,"GESTO":0,"HABITAO":0,"INFORMTICA":1,"MINERAO":0,"OUTROS":0,"PESQUISA":0,"PORTOS":0,"SADE":0,"SANEAMENTO":1,"TRANSPORTES":0,"TURISMO":1}},{"type":"Polygon","arcs":[[11]],"properties":{"code_state":14,"Estado":"RR","name_state":"Roraima","code_region":1,"name_region":"Norte","ABASTECIMENTO":0,"COMUNICAO":0,"DESENVOLVIMENTO":1,"DISTRIBUIO":0,"ENERGIA":1,"FINANCEIRO":1,"GESTO":0,"HABITAO":0,"INFORMTICA":0,"MINERAO":0,"OUTROS":0,"PESQUISA":0,"PORTOS":0,"SADE":0,"SANEAMENTO":1,"TRANSPORTES":0,"TURISMO":0}},{"type":"Polygon","arcs":[[12,13,14,15,16,17,18,19,-7,20]],"properties":{"code_state":15,"Estado":"PA","name_state":"Pará","code_region":1,"name_region":"Norte","ABASTECIMENTO":1,"COMUNICAO":0,"DESENVOLVIMENTO":1,"DISTRIBUIO":1,"ENERGIA":0,"FINANCEIRO":1,"GESTO":0,"HABITAO":1,"INFORMTICA":1,"MINERAO":0,"OUTROS":0,"PESQUISA":1,"PORTOS":1,"SADE":0,"SANEAMENTO":1,"TRANSPORTES":0,"TURISMO":0}},{"type":"Polygon","arcs":[[-18,21,-16,22,23,-13,24]],"properties":{"code_state":16,"Estado":"AP","name_state":"Amapá","code_region":1,"name_region":"Norte","ABASTECIMENTO":0,"COMUNICAO":0,"DESENVOLVIMENTO":0,"DISTRIBUIO":0,"ENERGIA":0,"FINANCEIRO":0,"GESTO":0,"HABITAO":0,"INFORMTICA":0,"MINERAO":0,"OUTROS":0,"PESQUISA":0,"PORTOS":0,"SADE":0,"SANEAMENTO":0,"TRANSPORTES":0,"TURISMO":0}},{"type":"Polygon","arcs":[[25,26,27,28,29,30]],"properties":{"code_state":17,"Estado":"TO","name_state":"Tocantins","code_region":1,"name_region":"Norte","ABASTECIMENTO":0,"COMUNICAO":0,"DESENVOLVIMENTO":0,"DISTRIBUIO":0,"ENERGIA":0,"FINANCEIRO":1,"GESTO":1,"HABITAO":0,"INFORMTICA":0,"MINERAO":0,"OUTROS":0,"PESQUISA":0,"PORTOS":0,"SADE":0,"SANEAMENTO":0,"TRANSPORTES":0,"TURISMO":0}},{"type":"Polygon","arcs":[[31]],"properties":{"code_state":21,"Estado":"MA","name_state":"Maranhão","code_region":2,"name_region":"Nordeste","ABASTECIMENTO":0,"COMUNICAO":0,"DESENVOLVIMENTO":1,"DISTRIBUIO":1,"ENERGIA":0,"FINANCEIRO":0,"GESTO":0,"HABITAO":0,"INFORMTICA":0,"MINERAO":0,"OUTROS":0,"PESQUISA":0,"PORTOS":1,"SADE":0,"SANEAMENTO":1,"TRANSPORTES":0,"TURISMO":0}},{"type":"Polygon","arcs":[[32]],"properties":{"code_state":22,"Estado":"PI","name_state":"Piauí","code_region":2,"name_region":"Nordeste","ABASTECIMENTO":0,"COMUNICAO":0,"DESENVOLVIMENTO":1,"DISTRIBUIO":1,"ENERGIA":0,"FINANCEIRO":1,"GESTO":0,"HABITAO":0,"INFORMTICA":0,"MINERAO":0,"OUTROS":1,"PESQUISA":0,"PORTOS":1,"SADE":0,"SANEAMENTO":1,"TRANSPORTES":1,"TURISMO":0}},{"type":"Polygon","arcs":[[33,34]],"properties":{"code_state":23,"Estado":"CE","name_state":"Ceará","code_region":2,"name_region":"Nordeste","ABASTECIMENTO":1,"COMUNICAO":0,"DESENVOLVIMENTO":1,"DISTRIBUIO":1,"ENERGIA":0,"FINANCEIRO":0,"GESTO":0,"HABITAO":1,"INFORMTICA":1,"MINERAO":0,"OUTROS":0,"PESQUISA":1,"PORTOS":1,"SADE":0,"SANEAMENTO":1,"TRANSPORTES":1,"TURISMO":0}},{"type":"Polygon","arcs":[[35,36,37,38]],"properties":{"code_state":24,"Estado":"RN","name_state":"Rio Grande Do Norte","code_region":2,"name_region":"Nordeste","ABASTECIMENTO":1,"COMUNICAO":0,"DESENVOLVIMENTO":0,"DISTRIBUIO":1,"ENERGIA":0,"FINANCEIRO":1,"GESTO":1,"HABITAO":1,"INFORMTICA":1,"MINERAO":0,"OUTROS":0,"PESQUISA":1,"PORTOS":0,"SADE":0,"SANEAMENTO":1,"TRANSPORTES":0,"TURISMO":1}},{"type":"Polygon","arcs":[[-36,39,-38,40]],"properties":{"code_state":25,"Estado":"PB","name_state":"Paraíba","code_region":2,"name_region":"Nordeste","ABASTECIMENTO":0,"COMUNICAO":1,"DESENVOLVIMENTO":1,"DISTRIBUIO":1,"ENERGIA":0,"FINANCEIRO":0,"GESTO":0,"HABITAO":1,"INFORMTICA":1,"MINERAO":0,"OUTROS":0,"PESQUISA":1,"PORTOS":1,"SADE":1,"SANEAMENTO":1,"TRANSPORTES":0,"TURISMO":1}},{"type":"Polygon","arcs":[[41,42,43,44,-34,45]],"properties":{"code_state":26,"Estado":"PE","name_state":"Pernambuco","code_region":2,"name_region":"Nordeste","ABASTECIMENTO":0,"COMUNICAO":1,"DESENVOLVIMENTO":1,"DISTRIBUIO":1,"ENERGIA":0,"FINANCEIRO":1,"GESTO":1,"HABITAO":1,"INFORMTICA":0,"MINERAO":0,"OUTROS":0,"PESQUISA":1,"PORTOS":1,"SADE":1,"SANEAMENTO":1,"TRANSPORTES":1,"TURISMO":1}},{"type":"Polygon","arcs":[[46]],"properties":{"code_state":27,"Estado":"AL","name_state":"Alagoas","code_region":2,"name_region":"Nordeste","ABASTECIMENTO":0,"COMUNICAO":1,"DESENVOLVIMENTO":0,"DISTRIBUIO":1,"ENERGIA":0,"FINANCEIRO":1,"GESTO":1,"HABITAO":0,"INFORMTICA":0,"MINERAO":0,"OUTROS":1,"PESQUISA":1,"PORTOS":0,"SADE":1,"SANEAMENTO":1,"TRANSPORTES":0,"TURISMO":0}},{"type":"Polygon","arcs":[[-44,47,-42,48]],"properties":{"code_state":29,"Estado":"BA","name_state":"Bahia","code_region":2,"name_region":"Nordeste","ABASTECIMENTO":0,"COMUNICAO":1,"DESENVOLVIMENTO":1,"DISTRIBUIO":1,"ENERGIA":0,"FINANCEIRO":1,"GESTO":1,"HABITAO":1,"INFORMTICA":1,"MINERAO":0,"OUTROS":1,"PESQUISA":0,"PORTOS":0,"SADE":0,"SANEAMENTO":1,"TRANSPORTES":1,"TURISMO":0}},{"type":"Polygon","arcs":[[49]],"properties":{"code_state":31,"Estado":"MG","name_state":"Minas Gerais","code_region":3,"name_region":"Sudeste","ABASTECIMENTO":0,"COMUNICAO":1,"DESENVOLVIMENTO":1,"DISTRIBUIO":1,"ENERGIA":1,"FINANCEIRO":1,"GESTO":1,"HABITAO":1,"INFORMTICA":1,"MINERAO":0,"OUTROS":0,"PESQUISA":1,"PORTOS":0,"SADE":0,"SANEAMENTO":1,"TRANSPORTES":1,"TURISMO":0}},{"type":"Polygon","arcs":[[50]],"properties":{"code_state":32,"Estado":"ES","name_state":"Espirito Santo","code_region":3,"name_region":"Sudeste","ABASTECIMENTO":1,"COMUNICAO":0,"DESENVOLVIMENTO":0,"DISTRIBUIO":0,"ENERGIA":0,"FINANCEIRO":1,"GESTO":0,"HABITAO":1,"INFORMTICA":0,"MINERAO":0,"OUTROS":0,"PESQUISA":0,"PORTOS":0,"SADE":0,"SANEAMENTO":1,"TRANSPORTES":1,"TURISMO":0}},{"type":"MultiPolygon","arcs":[[[51]]],"properties":{"code_state":33,"Estado":"RJ","name_state":"Rio De Janeiro","code_region":3,"name_region":"Sudeste","ABASTECIMENTO":1,"COMUNICAO":1,"DESENVOLVIMENTO":0,"DISTRIBUIO":0,"ENERGIA":0,"FINANCEIRO":1,"GESTO":0,"HABITAO":1,"INFORMTICA":0,"MINERAO":0,"OUTROS":0,"PESQUISA":1,"PORTOS":0,"SADE":0,"SANEAMENTO":1,"TRANSPORTES":1,"TURISMO":1}},{"type":"MultiPolygon","arcs":[[[52]]],"properties":{"code_state":35,"Estado":"SP","name_state":"São Paulo","code_region":3,"name_region":"Sudeste","ABASTECIMENTO":0,"COMUNICAO":1,"DESENVOLVIMENTO":0,"DISTRIBUIO":0,"ENERGIA":1,"FINANCEIRO":1,"GESTO":1,"HABITAO":1,"INFORMTICA":1,"MINERAO":0,"OUTROS":1,"PESQUISA":1,"PORTOS":1,"SADE":0,"SANEAMENTO":1,"TRANSPORTES":1,"TURISMO":0}},{"type":"Polygon","arcs":[[53,54,55,56,57,58]],"properties":{"code_state":41,"Estado":"PR","name_state":"Paraná","code_region":4,"name_region":"Sul","ABASTECIMENTO":1,"COMUNICAO":0,"DESENVOLVIMENTO":0,"DISTRIBUIO":0,"ENERGIA":1,"FINANCEIRO":1,"GESTO":0,"HABITAO":1,"INFORMTICA":1,"MINERAO":0,"OUTROS":0,"PESQUISA":1,"PORTOS":1,"SADE":0,"SANEAMENTO":1,"TRANSPORTES":1,"TURISMO":0}},{"type":"Polygon","arcs":[[59,60,61,62,63,64,65,-58,66,-56,67,-54,68]],"properties":{"code_state":42,"Estado":"SC","name_state":"Santa Catarina","code_region":4,"name_region":"Sul","ABASTECIMENTO":1,"COMUNICAO":0,"DESENVOLVIMENTO":1,"DISTRIBUIO":0,"ENERGIA":1,"FINANCEIRO":1,"GESTO":1,"HABITAO":1,"INFORMTICA":1,"MINERAO":0,"OUTROS":1,"PESQUISA":1,"PORTOS":0,"SADE":0,"SANEAMENTO":1,"TRANSPORTES":0,"TURISMO":1}},{"type":"Polygon","arcs":[[-65,69,70,-62,71,-60,72]],"properties":{"code_state":43,"Estado":"RS","name_state":"Rio Grande Do Sul","code_region":4,"name_region":"Sul","ABASTECIMENTO":1,"COMUNICAO":0,"DESENVOLVIMENTO":0,"DISTRIBUIO":1,"ENERGIA":1,"FINANCEIRO":1,"GESTO":0,"HABITAO":0,"INFORMTICA":1,"MINERAO":1,"OUTROS":0,"PESQUISA":0,"PORTOS":0,"SADE":0,"SANEAMENTO":1,"TRANSPORTES":1,"TURISMO":0}},{"type":"Polygon","arcs":[[73,74,75,76,77,78,79,80]],"properties":{"code_state":50,"Estado":"MS","name_state":"Mato Grosso Do Sul","code_region":5,"name_region":"Centro Oeste","ABASTECIMENTO":1,"COMUNICAO":0,"DESENVOLVIMENTO":0,"DISTRIBUIO":1,"ENERGIA":0,"FINANCEIRO":0,"GESTO":0,"HABITAO":0,"INFORMTICA":0,"MINERAO":0,"OUTROS":0,"PESQUISA":0,"PORTOS":0,"SADE":0,"SANEAMENTO":1,"TRANSPORTES":0,"TURISMO":0}},{"type":"Polygon","arcs":[[-80,81,82,83,84,-76,85,-74,86]],"properties":{"code_state":51,"Estado":"MT","name_state":"Mato Grosso","code_region":5,"name_region":"Centro Oeste","ABASTECIMENTO":1,"COMUNICAO":0,"DESENVOLVIMENTO":0,"DISTRIBUIO":1,"ENERGIA":0,"FINANCEIRO":1,"GESTO":1,"HABITAO":0,"INFORMTICA":1,"MINERAO":1,"OUTROS":0,"PESQUISA":1,"PORTOS":0,"SADE":0,"SANEAMENTO":1,"TRANSPORTES":0,"TURISMO":0}},{"type":"Polygon","arcs":[[-29,87,88,-26,89,90,-78,91,-84,92]],"properties":{"code_state":52,"Estado":"GO","name_state":"Goiás","code_region":5,"name_region":"Centro Oeste","ABASTECIMENTO":1,"COMUNICAO":0,"DESENVOLVIMENTO":1,"DISTRIBUIO":1,"ENERGIA":1,"FINANCEIRO":1,"GESTO":1,"HABITAO":1,"INFORMTICA":1,"MINERAO":1,"OUTROS":1,"PESQUISA":1,"PORTOS":0,"SADE":1,"SANEAMENTO":1,"TRANSPORTES":1,"TURISMO":0}}]}},"arcs":[[[30651,63748],[694,489]],[[31345,64237],[417,-5891],[4017,-350],[-1040,-5964],[-3720,-255],[-8731,4721],[-274,5127],[-2657,768]],[[19357,62393],[5768,1149]],[[25125,63542],[1350,2536]],[[26475,66078],[4176,-2330]],[[2063,67703],[7985,-1306],[8755,-5350],[-4895,-3022],[-5305,286],[319,4040],[-4301,-1478],[-4621,6316],[2063,514]],[[40411,83354],[516,-441]],[[40927,82913],[3816,-2619],[-5139,-10961],[231,-5319],[-8490,223]],[[30651,63748],[-4176,2330]],[[26475,66078],[-1350,-2536]],[[19357,62393],[-5715,917],[-3594,3087],[-9566,1879],[2520,5132],[7279,2074],[1450,8120],[-1141,7314],[6210,1348],[2788,-3823],[8111,3633],[3178,-9145],[4746,4252],[4788,-3827]],[[35208,99999],[586,-6846],[2746,-5972],[-7663,-4252],[-2066,8548],[-3217,4943],[9614,3579]],[[49137,91057],[3404,-2170]],[[52541,88887],[604,-1415]],[[53145,87472],[1659,-2467]],[[54804,85005],[250,-1193]],[[55054,83812],[1910,681]],[[56964,84493],[1181,1708]],[[58145,86201],[2705,2112],[10427,-4418],[-641,-1915]],[[70636,81980],[-7367,-13226],[-2592,-7474],[-16688,1118],[-4345,6582],[5099,11314],[-3816,2619]],[[40411,83354],[-1871,6301],[4062,1971],[6535,-569]],[[56964,84493],[-1910,-681]],[[54804,85005],[-1659,2467]],[[53145,87472],[-604,1415]],[[49137,91057],[4567,994],[3590,5795],[3717,-9541],[-2866,-2104]],[[70533,53206],[-5673,-836]],[[64860,52370],[-994,923]],[[63866,53293],[-1005,-813]],[[62861,52480],[-2357,1114]],[[60504,53594],[-792,5592]],[[59712,59186],[3387,5882],[2342,8185],[3289,-9975],[3500,-2881],[-1697,-7191]],[[70636,81980],[1234,1846],[10261,-4292],[-2971,-3847],[168,-6279],[-6482,-2569],[-1390,-6637],[-6028,13056],[5208,8722]],[[82324,79319],[2953,-13675],[-9042,-6398],[-4659,1061],[1208,6418],[6544,2683],[-168,6279],[3164,3632]],[[87533,67697],[-2088,50]],[[85445,67747],[-2040,11270],[3470,183],[6013,-4523],[-3458,-8280],[-1897,1300]],[[97052,69873],[-3011,862]],[[94041,70735],[-1495,-93]],[[92546,70642],[-956,-856]],[[91590,69786],[1217,4092],[5492,-595],[-1247,-3410]],[[97052,69873],[2941,-2719],[-5529,-1931],[-2874,4563]],[[92546,70642],[1495,93]],[[87056,63875],[-1139,-1361]],[[85917,62514],[-1118,-242]],[[84799,62272],[279,757]],[[85078,63029],[367,4718]],[[87533,67697],[6312,163],[619,-2637],[5503,1941],[-808,-3507],[-7877,-1066],[-4226,1284]],[[94512,60904],[-3230,1687],[7878,1060],[-4648,-2747]],[[84799,62272],[1118,242]],[[87056,63875],[4076,-497],[2439,-6202],[-4120,-4619],[251,-6703],[-2078,-6380],[-477,5723],[-11127,4826],[-4753,-2644],[-608,9314],[1818,3904],[3750,-1357],[1657,3517],[7194,272]],[[81994,33281],[-1006,-2441],[-10406,-3044],[-2867,7544],[-9134,596],[1888,2649],[7718,1633],[-438,4076],[8271,5729],[11128,-4821],[-5154,-11921]],[[81994,33281],[1998,6586],[3641,-349],[-3296,-7614],[-2343,1377]],[[77672,27440],[-3150,1669],[9809,2796],[-2688,-4347],[-3971,-118]],[[70761,24947],[-4658,-3322],[-4031,5503],[-6969,2624],[4681,5965],[7925,-375],[3052,-10395]],[[63357,19862],[-1957,-22]],[[61400,19840],[-1605,17]],[[59795,19857],[-373,-623]],[[59422,19234],[-1304,-949]],[[58118,18285],[-471,-261]],[[57647,18024],[-8124,2883],[4139,7746],[7624,-839],[2071,-7952]],[[60798,11535],[1240,1604]],[[62038,13139],[-2383,590]],[[59655,13729],[-1167,1432]],[[58488,15161],[-4857,1570]],[[53631,16731],[-839,6]],[[52792,16737],[-147,328]],[[52645,17065],[5002,959]],[[58118,18285],[1304,949]],[[59795,19857],[1605,-17]],[[63357,19862],[1056,-6504],[-3615,-1823]],[[52792,16737],[839,-6]],[[53631,16731],[4857,-1570]],[[59655,13729],[2383,-590]],[[60798,11535],[-1560,-4833],[-5038,-4467],[-10327,7104],[5094,6599],[3678,1127]],[[49553,41731],[1269,-387]],[[50822,41344],[971,-114]],[[51793,41230],[1614,-949]],[[53407,40281],[-70,-717]],[[53337,39564],[1645,-960]],[[54982,38604],[3879,-1980],[-3962,-7066],[-4594,-4745],[-2876,264],[-2502,4847],[-4126,75],[-312,5861],[2775,5199]],[[43264,41059],[794,1078]],[[44058,42137],[5495,-406]],[[43264,41059],[-3258,3756],[-4725,-3],[-1392,6616],[1872,6584],[-3999,334],[-84,5607],[8086,14],[717,3701],[3517,-5273],[16679,-1115],[-965,-2094]],[[59712,59186],[-687,-7881]],[[59025,51305],[-2576,-5369]],[[56449,45936],[-3042,-5655]],[[51793,41230],[-971,114]],[[49553,41731],[-5495,406]],[[62861,52480],[1005,813]],[[63866,53293],[994,-923]],[[70533,53206],[705,-4986],[-5393,-1445]],[[65845,46775],[2342,-6557],[-13205,-1614]],[[53337,39564],[3112,6372]],[[59025,51305],[1479,2289]]]}
